Cat,Year,Mo.,Da.,Hr.,Min.,Sec.,Latitude,Longitude,depth,mag_magtype,provider,mag_magtype,provider,Mw_source
ANK,11,,,,,,37.84,27.84,,6.40UK,ANK,,,6.70ANK
ANK,17,,,,,,37.85,27.3,,7.50UK,ANK,,,7.50ANK
ANK,29,,,,,,40.5,28.9,,7.00UK,ANK,,,7.00ANK
ANK,44,,,,,,38.2,27.4,,6.40UK,ANK,,,6.70ANK
ANK,60,,,,,,37.9,29.2,,7.00UK,ANK,,,7.00ANK
ANK,68,,,,,,37.74,27.4,,5.80UK,ANK,,,6.50ANK
ANK,110,,,,,,36.2,36,,6.40UK,ANK,,,6.70ANK
ANK,122,,,,,,40.6,29.9,,5.80UK,ANK,,,6.50ANK
ANK,253,,,,,,39.11,27.2,,5.80UK,ANK,,,6.50ANK
ANK,335,,,,,,40.6,36.9,,6.40UK,ANK,,,6.70ANK
ANK,345,,,,,,40.6,36.9,,5.80UK,ANK,,,6.50ANK
ANK,363,2,1,,,,41.04,28.98,,5.80UK,ANK,,,6.50ANK
ANK,427,,,,,,41.04,28.98,,5.80UK,ANK,,,6.50ANK
ANK,430,,,,,,41.04,28.98,,6.40UK,ANK,,,6.70ANK
ANK,440,10,26,,,,41.04,28.98,,5.80UK,ANK,,,6.50ANK
ANK,447,12,8,,,,40.7,29.3,,6.40UK,ANK,,,6.70ANK
ANK,478,9,,,,,41.04,28.98,,6.40UK,ANK,,,6.70ANK
ANK,499,,,,,,40.4,37.6,,6.40UK,ANK,,,6.70ANK
ANK,528,,,,,,36.23,36.1,,7.50UK,ANK,,,7.50ANK
ANK,542,8,16,,,,41.04,28.98,,6.40UK,ANK,,,6.70ANK
ANK,543,9,6,,,,40.39,27.8,,7.00UK,ANK,,,6.90ANK
ANK,554,,,,,,40.77,29.9,,6.40UK,ANK,,,6.70ANK
ANK,561,,,,,,37.2,35.9,,6.40UK,ANK,,,6.70ANK
ANK,611,,,,,,41.04,28.98,,5.80UK,ANK,,,6.50ANK
ANK,688,,,,,,38.41,27.2,,7.00UK,ANK,,,7.00ANK
ANK,715,,,,,,40.4,28.9,,7.00UK,ANK,,,7.00ANK
ANK,732,,,,,,41.04,28.98,,5.80UK,ANK,,,6.50ANK
ANK,985,,,,,,40.4,28.9,,6.40UK,ANK,,,6.70ANK
ANK,986,11,,,,,41.04,28.98,,6.40UK,ANK,,,6.70ANK
ANK,1010,,,,,,41.04,28.98,,5.80UK,ANK,,,6.50ANK
ANK,1011,,,,,,39.74,39.5,,6.40UK,ANK,,,6.70ANK
ANK,1031,8,13,,,,41.04,28.98,,5.80UK,ANK,,,6.50ANK
ANK,1034,,,,,,41.04,28.98,,5.80UK,ANK,,,6.50ANK
ANK,1045,,,,,,39.74,39.5,,7.00UK,ANK,,,7.00ANK
ANK,1111,,,,,,38.47,43.35,,7.00UK,ANK,,,7.00ANK
ANK,1115,,,,,,37,38.9,,7.00UK,ANK,,,7.00ANK
ANK,1131,,,,,,40.4,43.6,,6.40UK,ANK,,,6.70ANK
ANK,1165,,,,,,39.74,39.5,,5.80UK,ANK,,,6.50ANK
ANK,1168,,,,,,39.74,39.5,,6.40UK,ANK,,,6.70ANK
ANK,1170,,,,,,39.74,39.5,,6.40UK,ANK,,,6.70ANK
ANK,1205,,,,,,38.72,35.5,,7.00UK,ANK,,,7.00ANK
ANK,1251,,,,,,39.74,39.5,,6.40UK,ANK,,,6.70ANK
ANK,1255,,,,,,39.74,39.5,,6.40UK,ANK,,,6.70ANK
ANK,1268,,,,,,39.79,40.4,,7.00UK,ANK,,,7.00ANK
ANK,1276,,,,,,38.9,42.9,,5.80UK,ANK,,,6.50ANK
ANK,1287,,,,,,39.74,39.5,,6.40UK,ANK,,,6.70ANK
ANK,1308,,,,,,39.74,39.5,,5.80UK,ANK,,,6.50ANK
ANK,1319,,,,,,40.4,43.6,,5.80UK,ANK,,,6.50ANK
ANK,1363,,,,,,38.9,41.5,,5.80UK,ANK,,,6.50ANK
ANK,1374,,,,,,39.74,39.5,,5.80UK,ANK,,,6.50ANK
ANK,1422,,,,,,39.74,39.5,,6.40UK,ANK,,,6.70ANK
ANK,1441,,,,,,38.9,42.7,,6.40UK,ANK,,,6.70ANK
ANK,1458,,,,,,39.9,40.4,,7.50UK,ANK,,,7.50ANK
ANK,1482,,,,,,39.9,40.4,,7.50UK,ANK,,,7.50ANK
ANK,1505,,,,,,41.04,28.98,,5.80UK,ANK,,,6.50ANK
ANK,1510,,,,,,40.9,35.2,,7.00UK,ANK,,,7.00ANK
ANK,1543,,,,,,39.74,39.5,,5.80UK,ANK,,,6.50ANK
ANK,1578,,,,,,39.74,39.5,,5.80UK,ANK,,,6.50ANK
ANK,1582,,,,,,38.73,41.5,,5.80UK,ANK,,,6.50ANK
ANK,1584,,,,,,39.74,39.5,,6.40UK,ANK,,,6.70ANK
ANK,1598,,,,,,40.6,35.4,,6.40UK,ANK,,,6.70ANK
ANK,1605,,,,,,40.4,43.6,,6.40UK,ANK,,,6.70ANK
ANK,1633,7,30,,,,41.04,28.98,,5.80UK,ANK,,,6.50ANK
ANK,1644,,,,,,38.41,27.2,,5.80UK,ANK,,,6.50ANK
ANK,1646,4,,,,,41.04,28.98,,5.80UK,ANK,,,6.50ANK
ANK,1653,2,23,,,,38.2,28.2,,7.50UK,ANK,,,7.50ANK
ANK,1664,,,,,,38.41,27.2,,5.80UK,ANK,,,6.50ANK
ANK,1666,,,,,,39.74,39.5,,5.80UK,ANK,,,6.50ANK
ANK,1667,4,6,,,,38.41,27.2,,5.80UK,ANK,,,6.50ANK
ANK,1668,,,,,,38.41,27.2,,7.00UK,ANK,,,7.00ANK
ANK,1674,,,,,,40.18,29.1,,5.80UK,ANK,,,6.50ANK
ANK,1688,7,12,,,,38.4,26.9,,7.50UK,ANK,,,7.50ANK
ANK,1701,,,,,,38.47,43.65,,5.80UK,ANK,,,6.50ANK
ANK,1707,,,,,,40.61,43.1,,5.80UK,ANK,,,6.50ANK
ANK,1714,,,,,,38.72,35.5,,5.80UK,ANK,,,6.50ANK
ANK,1718,,,,,,41.04,28.98,,6.40UK,ANK,,,6.70ANK
ANK,1746,,,,,,41.67,26.2,,5.80UK,ANK,,,6.50ANK
ANK,1754,,,,,,39.75,37,,5.80UK,ANK,,,6.50ANK
ANK,1763,9,3,,,,41.04,28.98,,5.80UK,ANK,,,6.50ANK
ANK,1766,,,,,,39.98,41.7,,5.80UK,ANK,,,6.50ANK
ANK,1766,4,23,,,,40.8,28.2,,5.80UK,ANK,,,6.50ANK
ANK,1767,,,,,,38.53,30.55,,5.80UK,ANK,,,6.50ANK
ANK,1784,7,19,,,,39.74,39.5,,6.40UK,ANK,,,6.70ANK
ANK,1789,,,,,,38.7,39.9,,5.80UK,ANK,,,6.50ANK
ANK,1795,,,,,,38.76,30.5,,6.40UK,ANK,,,6.70ANK
ANK,1826,,,,,,40.7,36.6,,5.80UK,ANK,,,6.50ANK
ANK,1828,6,15,,,,38.41,27.2,,5.80UK,ANK,,,6.50ANK
ANK,1835,8,,,,,38.72,35.5,,5.80UK,ANK,,,6.50ANK
ANK,1840,,,,,,40.1,43.4,,5.80UK,ANK,,,6.50ANK
ANK,1844,,,,,,40.98,34.8,,5.80UK,ANK,,,6.50ANK
ANK,1850,,,,,,38.42,27.45,,6.40UK,ANK,,,6.70ANK
ANK,1851,,,,,,40.03,28.4,,5.80UK,ANK,,,6.50ANK
ANK,1852,10,19,,,,36.4,28.6,,5.80UK,ANK,,,6.50ANK
ANK,1859,1,21,,,,39.98,41.7,,6.40UK,ANK,,,6.70ANK
ANK,1859,6,2,,,,39.92,41.3,,6.40UK,ANK,,,6.70ANK
ANK,1860,8,22,,,,40.41,26.65,,6.40UK,ANK,,,6.70ANK
ANK,1866,7,22,,,,38.4,39.4,,6.40UK,ANK,,,6.70ANK
ANK,1868,2,,,,,40.2,42.1,,5.80UK,ANK,,,6.50ANK
ANK,1868,3,,,,,40.2,42.1,,5.80UK,ANK,,,6.50ANK
ANK,1868,4,,,,,40.2,42.1,,5.80UK,ANK,,,6.50ANK
ANK,1869,5,31,,,,40.6,28,,5.80UK,ANK,,,6.50ANK
ANK,1871,3,25,,,,38.47,43.35,,5.80UK,ANK,,,6.50ANK
ANK,1871,6,7,,,,36.85,28.3,,5.80UK,ANK,,,6.50ANK
ANK,1871,10,8,,,,38.4,26.1,,5.80UK,ANK,,,6.50ANK
ANK,1872,4,3,,,,36.2,36.2,,7.50UK,ANK,,,7.50ANK
ANK,1873,,,,,,40.47,37.8,,5.80UK,ANK,,,6.50ANK
ANK,1874,6,28,,,,37.8,26.8,,5.80UK,ANK,,,6.50ANK
ANK,1875,3,,,,,40.15,26.4,,5.80UK,ANK,,,6.50ANK
ANK,1875,5,3,,,,38.1,30.2,,7.00UK,ANK,,,7.00ANK
ANK,1877,10,13,,,,40.6,27.4,,6.40UK,ANK,,,6.70ANK
ANK,1880,,,,,,38.08,27.75,,5.80UK,ANK,,,6.50ANK
ANK,1880,3,,,,,38.4,26.1,,7.00UK,ANK,,,7.00ANK
ANK,1881,6,7,,,,38.47,43.3,,5.80UK,ANK,,,6.50ANK
ANK,1881,9,28,,,,40.6,33.6,,5.80UK,ANK,,,6.50ANK
ANK,1886,10,6,,,,39.55,28.95,,5.80UK,ANK,,,6.50ANK
ANK,1886,11,,,,,38.3,29.3,,5.80UK,ANK,,,6.50ANK
ANK,1887,8,,,,,38.1,28.2,,5.80UK,ANK,,,6.50ANK
ANK,1888,5,,,,,38.4,26.1,,6.40UK,ANK,,,6.70ANK
ANK,1888,10,,,,,38.22,28,,5.80UK,ANK,,,6.50ANK
ANK,1893,3,31,,,,38.4,38.7,,7.00UK,ANK,,,7.00ANK
ANK,1893,7,24,,,,41.67,26.55,,5.80UK,ANK,,,6.50ANK
ANK,1894,7,10,,,,40.6,28.7,,7.00UK,ANK,,,7.00ANK
ANK,1895,,,,,,38.6,27.1,,7.00UK,ANK,,,7.00ANK
ANK,1895,8,19,,,,37.84,27.8,,6.40UK,ANK,,,6.70ANK
ANK,1896,4,16,,,,39.34,29.2,,5.80UK,ANK,,,6.50ANK
ANK,1896,6,26,,,,36.9,28.1,,5.80UK,ANK,,,6.50ANK
ANK,1897,5,,,,,36.7,28.6,,5.80UK,ANK,,,6.50ANK
ANK,1897,12,,,,,40.1,28,,6.40UK,ANK,,,6.70ANK
ANK,1901,,,,,,39.92,41.3,,5.80UK,ANK,,,6.50ANK
ANK,1903,5,28,,,,41.12,42.7,,5.80UK,ANK,,,6.50ANK
ANK,1905,4,15,,,,40.2,29,,6.00UK,ANK,,,6.60ANK
ANK,1905,10,4,12,20,,39,39,33,5.60UK,ANK,,,6.40ANK
ANK,1905,10,21,11,2,,42,39.5,33,6.20UK,ANK,,,6.60ANK
ANK,1906,9,28,5,50,,40.5,42.7,,6.20UK,ANK,,,6.20ANK
ANK,1907,1,27,,,,39.1,42.5,,6.40UK,ANK,,,6.40ANK
ANK,1907,,12,,,,37.6,34.5,,6.20UK,ANK,,,6.20ANK
ANK,1909,4,11,4,2,,36,45,,5.60UK,ANK,,,5.60ANK
ANK,1910,6,25,19,26,,41,34,,6.20UK,ANK,,,6.20ANK
ANK,1913,4,20,3,13,47,41.91,44.32,10,6.10UK,ANK,,,6.10ANK
ANK,1917,8,20,23,2,9,40.3,25.43,40,6.00UK,ANK,,,6.00ANK
ANK,1918,1,16,7,13,28,38.34,29.48,10,5.70UK,ANK,,,5.70ANK
ANK,1918,8,9,0,39,10,40.89,33.41,10,5.80UK,ANK,,,5.80ANK
ANK,1918,11,13,10,13,27,37.5,27.5,,5.50UK,ANK,,,5.50ANK
ANK,1920,4,2,15,34,25,36.75,26.64,10,5.50UK,ANK,,,5.50ANK
ANK,1920,9,28,15,17,37,37.89,28.35,10,5.70UK,ANK,,,5.70ANK
ANK,1921,12,6,13,26,16,40,45.5,,5.50UK,ANK,,,5.50ANK
ANK,1922,8,13,0,9,54,35.51,27.98,10,6.90UK,ANK,,,6.90ANK
ANK,1925,1,9,17,38,34,41.33,43.41,60,6.00UK,ANK,,,6.00ANK
ANK,1925,8,7,6,46,53,37.91,29.33,80,5.90UK,ANK,,,5.90ANK
ANK,1926,3,18,14,6,14,35.84,29.5,10,7.00UK,ANK,,,7.00ANK
ANK,1926,12,16,17,54,5,40.13,30.72,10,5.70UK,ANK,,,5.70ANK
ANK,1928,3,31,0,29,48,38.18,27.8,10,7.00UK,ANK,,,7.00ANK
ANK,1928,5,2,21,54,32,39.64,29.14,10,6.50UK,ANK,,,6.50ANK
ANK,1928,7,15,9,33,32,38.05,27.32,10,5.80UK,ANK,,,5.80ANK
ANK,1928,10,4,11,14,7,40.22,33.67,10,5.70UK,ANK,,,5.70ANK
ANK,1930,5,6,22,34,31,37.98,44.48,70,7.60UK,ANK,,,7.60ANK
ANK,1932,6,29,18,33,43,35.68,26.67,140,5.60UK,ANK,,,5.60ANK
ANK,1933,4,23,5,57,37,36.77,27.29,30,6.70UK,ANK,,,6.70ANK
ANK,1934,2,22,8,7,24,38.22,45.03,100,5.70UK,ANK,,,5.70ANK
ANK,1935,1,4,14,41,30,40.4,27.49,30,6.70UK,ANK,,,6.70ANK
ANK,1937,5,23,10,57,30,38.69,27.78,10,5.60UK,ANK,,,5.60ANK
ANK,1939,1,2,4,36,17,39.74,27.86,100,5.70UK,ANK,,,5.70ANK
ANK,1939,9,22,0,36,36,39.07,29.94,10,7.10UK,ANK,,,7.10ANK
ANK,1939,12,27,2,48,34,39.99,38.14,50,5.50UK,ANK,,,5.50ANK
ANK,1941,1,9,18,13,34,38.03,27.4,70,5.60UK,ANK,,,5.60ANK
ANK,1941,4,27,13,1,32,39.68,35.31,60,5.70UK,ANK,,,5.70ANK
ANK,1941,5,23,19,51,58,37.07,28.21,40,6.20UK,ANK,,,6.20ANK
ANK,1941,7,13,15,39,36,37.66,26.09,60,6.20UK,ANK,,,6.20ANK
ANK,1941,11,12,10,4,59,39.74,39.43,70,5.90UK,ANK,,,5.90ANK
ANK,1942,6,16,5,42,34,40.8,27.8,20,6.00UK,ANK,,,6.00ANK
ANK,1942,9,1,9,42,15,35.48,26.94,10,6.00UK,ANK,,,6.00ANK
ANK,1942,11,21,14,1,53,40.82,34.44,80,5.50UK,ANK,,,5.50ANK
ANK,1942,12,11,2,39,17,40.76,34.83,40,6.10UK,ANK,,,6.10ANK
ANK,1943,6,20,15,32,54,40.85,30.51,10,6.60UK,ANK,,,6.60ANK
ANK,1943,11,15,11,43,8,36.58,29.07,140,5.50UK,ANK,,,5.50ANK
ANK,1944,1,5,7,44,12,36.42,27.67,70,5.60UK,ANK,,,5.60ANK
ANK,1944,6,25,4,16,25,38.79,27.31,40,6.20UK,ANK,,,6.20ANK
ANK,1944,7,17,10,53,59,35.91,42.55,80,6.10UK,ANK,,,6.10ANK
ANK,1944,9,30,4,13,19,41.11,34.87,10,5.50UK,ANK,,,5.50ANK
ANK,1944,10,6,2,34,48,39.48,26.56,40,7.00UK,ANK,,,7.00ANK
ANK,1945,3,2,10,39,43,41.2,33.4,10,5.60UK,ANK,,,5.60ANK
ANK,1945,3,20,7,58,56,37.11,35.7,60,6.00UK,ANK,,,6.00ANK
ANK,1945,10,26,13,56,50,41.54,33.29,50,6.00UK,ANK,,,6.00ANK
ANK,1945,11,20,6,27,57,38.63,43.33,10,5.50UK,ANK,,,5.50ANK
ANK,1948,2,9,12,58,18,35.41,27.2,30,7.20UK,ANK,,,7.20ANK
ANK,1948,11,13,4,44,50,40.23,29.02,60,5.60UK,ANK,,,5.60ANK
ANK,1949,7,23,15,3,33,38.57,26.29,10,7.00UK,ANK,,,7.00ANK
ANK,1949,8,17,18,44,19,39.57,40.62,40,7.00UK,ANK,,,7.00ANK
ANK,1951,4,8,21,38,13,36.58,35.85,50,5.80UK,ANK,,,5.80ANK
ANK,1951,8,13,18,33,33,40.88,32.87,10,6.90UK,ANK,,,6.90ANK
ANK,1951,9,15,22,52,12,40.15,28.02,40,5.60UK,ANK,,,5.60ANK
ANK,1952,10,22,17,0,48,37.25,35.65,70,5.60UK,ANK,,,5.60ANK
ANK,1952,12,31,17,18,50,35.59,25.92,40,5.70UK,ANK,,,5.70ANK
ANK,1953,7,22,15,9,37,39.24,28.43,10,5.60UK,ANK,,,5.60ANK
ANK,1953,9,7,3,59,4,41.09,33.01,40,6.40UK,ANK,,,6.40ANK
ANK,1955,6,2,23,34,37,40.35,25.71,10,5.70UK,ANK,,,5.70ANK
ANK,1955,7,16,7,7,17,37.65,27.26,40,7.00UK,ANK,,,7.00ANK
ANK,1956,1,6,12,15,44,40.39,26.29,10,5.70UK,ANK,,,5.70ANK
ANK,1956,2,20,20,31,43,39.89,30.49,40,6.40UK,ANK,,,6.40ANK
ANK,1956,7,30,9,15,,35.89,26.01,10,6.20UK,ANK,,,6.20ANK
ANK,1956,9,6,11,46,41,35.62,25.9,40,5.80UK,ANK,,,5.80ANK
ANK,1958,5,9,2,40,53,36.51,27.67,50,5.50UK,ANK,,,5.50ANK
ANK,1959,12,8,13,34,6,41.24,43.96,60,5.90UK,ANK,,,5.90ANK
ANK,1960,1,26,9,52,15,40.19,38.75,20,5.90UK,ANK,,,5.90ANK
ANK,1961,1,7,10,30,55,35.42,26.14,80,5.50UK,ANK,,,5.50ANK
ANK,1961,5,23,2,45,22,36.7,28.49,70,6.60UK,ANK,,,6.60ANK
ANK,1962,4,28,11,19,,36.03,26.87,50,6.00UK,ANK,,,6.00ANK
BDA,1905,10,21,11,1,37,42,42,60,7.50UK,BDA,,,7.30BDA
BDA,1914,10,3,22,6,34,38,30,60,7.70UK,BDA,,,7.40BDA
BDA,1916,1,24,6,55,7,41,37,60,7.80UK,BDA,,,7.50BDA
EUR,1901,9,12,6,15,,39,22.2,24,5.60UK,KRK,,,5.60KRK
EUR,1902,4,11,18,35,,38.5,23.5,24,5.80UK,KRK,,,5.80KRK
EUR,1902,7,5,14,56,,40.8,23.2,22,6.60UK,KRK,,,6.60KRK
EUR,1902,8,2,5,38,,38.5,21.8,20,5.60UK,KRK,,,5.60KRK
EUR,1902,10,25,21,44,,43.1,18.5,32,5.50UK,KRK,,,5.50KRK
EUR,1903,3,15,19,3,,37.8,21.2,18,5.70UK,KRK,,,5.70KRK
EUR,1903,3,25,22,30,,36,25,100,5.50UK,KRK,,,5.50KRK
EUR,1903,4,4,,,,39,28,20,5.50UK,KRK,,,5.50KRK
EUR,1903,5,28,3,58,,41.1,42.7,33,5.70UK,KRK,,,5.70KRK
EUR,1903,7,21,13,3,,38.2,21.8,20,5.60UK,KRK,,,5.60KRK
EUR,1903,9,19,18,51,,37.8,22.8,20,6.00UK,KRK,,,6.00KRK
EUR,1904,7,5,21,54,,41,49,33,5.50UK,KRK,,,5.50KRK
EUR,1905,11,5,22,,,40.7,23,15,5.50UK,KRK,,,5.50KRK
EUR,1905,11,8,22,6,,40,24,33,7.50UK,KRK,,,7.50KRK
EUR,1906,3,1,17,45,,41.1,20,15,6.50UK,KRK,,,6.50KRK
EUR,1907,1,19,22,11,,40.8,46.1,33,5.50UK,KRK,,,5.50KRK
EUR,1907,2,2,9,4,54,33,18.4,33,5.80UK,KRK,,,5.80KRK
EUR,1907,8,21,,,,40.7,30.1,33,5.50UK,KRK,,,5.50KRK
EUR,1908,12,10,4,40,,42.3,43,33,5.50UK,KRK,,,5.50KRK
EUR,1909,1,19,4,57,,38,26.5,60,6.00UK,KRK,,,6.00KRK
EUR,1909,2,22,14,14,,39,37,33,5.70UK,KRK,,,5.70KRK
EUR,1911,4,4,15,43,54,36.5,25.5,140,7.20UK,KRK,,,7.20KRK
EUR,1912,1,24,16,23,6,38,20.5,60,7.00UK,KRK,,,7.00KRK
EUR,1912,9,16,21,4,,40,24,15,5.50UK,KRK,,,5.50KRK
EUR,1913,5,10,13,39,,36,22,15,5.50UK,KRK,,,5.50KRK
EUR,1914,5,28,11,27,18,39.7,36,33,5.60UK,KRK,,,5.60KRK
EUR,1915,2,14,8,20,6,38.8,42.5,33,5.60UK,KRK,,,5.60KRK
EUR,1916,7,27,3,6,,36.5,25.8,140,5.50UK,KRK,,,5.50KRK
EUR,1918,1,20,2,36,,39,23,150,5.70UK,KRK,,,5.70KRK
EUR,1918,4,25,2,22,35,34.5,41.8,33,5.70UK,KRK,,,5.70KRK
EUR,1918,7,16,20,3,46,35.5,25.5,150,7.00UK,KRK,,,7.00KRK
EUR,1918,8,29,6,39,25,41.6,35.7,33,5.70UK,KRK,,,5.70KRK
EUR,1918,9,23,2,13,,36,28,150,5.60UK,KRK,,,5.60KRK
EUR,1919,2,24,1,56,,36.7,21,25,6.40Ms,TRI,,,6.40TRI
EUR,1919,6,9,7,13,40,40.7,34.1,33,6.00UK,KRK,,,6.00KRK
EUR,1919,6,9,15,47,15,40.7,34.1,33,5.50UK,KRK,,,5.50KRK
EUR,1919,11,27,,,,39.2,27.2,30,6.00UK,KRK,,,6.00KRK
EUR,1920,2,20,11,45,,42,44.1,10,6.20UK,KRK,,,6.20KRK
EUR,1921,1,16,23,55,48,38.8,32.9,33,5.70UK,KRK,,,5.70KRK
EUR,1921,9,26,9,25,55,39.3,33.2,33,5.80UK,KRK,,,5.80KRK
EUR,1921,10,5,19,9,46,36.4,35.2,33,5.50UK,KRK,,,5.50KRK
EUR,1922,4,11,4,35,10,40.5,19.2,25,5.60Ms,TRI,,,5.60TRI
EUR,1922,8,29,3,36,,38,33.5,33,5.60UK,KRK,,,5.60KRK
EUR,1922,11,11,22,13,,37.5,23,100,5.70UK,KRK,,,5.70KRK
EUR,1923,3,10,19,48,40,34.5,27.5,33,5.60UK,KRK,,,5.60KRK
EUR,1923,8,1,8,16,30,35,25,150,6.90UK,TRI,,,6.90TRI
EUR,1924,1,22,11,4,50,39.3,33.2,33,5.80UK,KRK,,,5.80KRK
EUR,1924,2,19,6,59,55,39,47.8,50,5.80UK,KRK,,,5.80KRK
EUR,1924,2,27,20,24,20,33,36,33,5.80UK,KRK,,,5.80KRK
EUR,1924,9,13,14,34,5,40,42,33,6.90UK,KRK,,,6.90KRK
EUR,1925,2,8,,,,41.1,42.7,33,5.50UK,KRK,,,5.50KRK
EUR,1925,7,6,12,15,55,38.25,21.75,125,6.90UK,TRI,,,6.90TRI
EUR,1926,3,1,20,1,,36.8,30,120,6.40UK,KRK,,,6.40KRK
EUR,1926,3,16,17,53,,37.5,29,15,6.30UK,KRK,,,6.30KRK
EUR,1926,3,17,13,20,,37,35,33,5.50UK,KRK,,,5.50KRK
EUR,1926,6,10,19,16,,39.8,20,120,6.20UK,KRK,,,6.20KRK
EUR,1926,8,30,11,38,12,37.5,23,100,7.40Ms,TRI,,,7.40TRI
EUR,1926,9,19,1,3,57,36,22,80,6.70UK,KRK,,,6.70KRK
EUR,1927,2,14,3,43,21,43,18,50,6.20UK,KRK,,,6.20KRK
EUR,1927,7,1,8,19,4,36.75,22.75,125,7.30Ms,TRI,,,7.30TRI
EUR,1929,3,27,7,41,46,36.7,26.5,120,6.20UK,KRK,,,6.20KRK
EUR,1929,5,25,6,46,,39,37.5,33,5.50UK,KRK,,,5.50KRK
EUR,1929,11,11,7,36,,36.8,26.5,100,5.70UK,KRK,,,5.70KRK
EUR,1930,1,28,6,25,,40.5,20.7,33,5.60UK,KRK,,,5.60KRK
EUR,1930,2,14,18,38,20,35.75,24.75,125,6.80UK,TRI,,,6.80TRI
EUR,1930,8,22,0,44,,36.2,27.5,120,5.50UK,KRK,,,5.50KRK
EUR,1931,1,28,,,,38.3,31.4,,6.80UK,KRK,,,6.80KRK
EUR,1931,4,9,,,,38.3,31.7,,6.00UK,KRK,,,6.00KRK
EUR,1931,4,27,,,,38.7,46.2,33,6.50UK,KRK,,,6.50KRK
EUR,1931,6,5,8,24,,36.5,31,120,6.20UK,KRK,,,6.20KRK
EUR,1932,8,15,4,34,42,39.25,22,100,6.10Ms,TRI,,,6.10TRI
EUR,1932,9,26,19,20,42,39.8,23.8,25,7.20Ms,TRI,,,7.20TRI
EUR,1932,9,30,6,12,16,36,22.7,33,6.00UK,KRK,,,6.00KRK
EUR,1933,7,19,20,7,10,38.2,29.7,100,6.00UK,KRK,,,6.00KRK
EUR,1933,11,6,7,7,16,39.3,46.6,33,5.50UK,KRK,,,5.50KRK
EUR,1934,2,4,9,35,22,40.5,19.25,25,5.60Ms,TRI,,,5.60TRI
EUR,1934,11,9,13,40,56,36.7,25.7,140,6.30UK,KRK,,,6.30KRK
EUR,1934,11,27,,,,37.9,40.2,33,6.20UK,KRK,,,6.20KRK
EUR,1934,12,15,,,,38.9,40.5,33,5.80UK,KRK,,,5.80KRK
EUR,1935,2,25,2,51,31,36,25,33,7.30UK,KRK,,,7.30KRK
EUR,1935,3,18,8,40,41,35.5,27,130,6.50UK,KRK,,,6.50KRK
EUR,1935,4,9,19,59,41,42.2,48.8,150,6.30UK,KRK,,,6.30KRK
EUR,1935,5,1,10,24,37,40.4,43.4,33,6.20UK,KRK,,,6.20KRK
EUR,1936,3,24,19,46,22,39,42,33,6.00UK,KRK,,,6.00KRK
EUR,1936,4,28,23,15,26,36.7,26.7,170,6.00UK,KRK,,,6.00KRK
EUR,1936,5,1,10,24,44,39.6,43.1,33,5.60UK,KRK,,,5.60KRK
EUR,1936,8,8,4,12,43,34,26,60,5.90UK,KRK,,,5.90KRK
EUR,1937,12,16,17,35,28,35.7,23.2,33,6.50UK,KRK,,,6.50KRK
EUR,1938,5,12,22,9,37,34.8,26.2,33,5.80UK,KRK,,,5.80KRK
EUR,1938,6,3,16,38,3,34.5,26.5,120,5.90UK,KRK,,,5.90KRK
EUR,1938,7,20,0,23,35,38.3,23.8,33,6.10UK,KRK,,,6.10KRK
EUR,1939,12,28,3,25,20,40,37,33,5.70UK,KRK,,,5.70KRK
EUR,1940,4,13,6,29,2,38.8,35.2,33,5.60UK,KRK,,,5.60KRK
EUR,1940,5,7,22,23,43,42,43,33,6.50UK,KRK,,,6.50KRK
EUR,1940,7,24,22,15,27,34.5,34,80,5.70UK,KRK,,,5.70KRK
EUR,1940,12,20,5,18,,38.3,38.2,33,5.80UK,KRK,,,5.80KRK
EUR,1941,1,20,3,37,7,35,34,100,6.60UK,KRK,,,6.60KRK
EUR,1941,12,13,6,15,59,37.2,28.3,100,6.50UK,KRK,,,6.50KRK
EUR,1942,5,21,3,42,41,37.5,20.5,150,6.10UK,KRK,,,6.10KRK
EUR,1942,6,16,9,13,,35.7,23.2,150,6.00UK,KRK,,,6.00KRK
EUR,1942,6,21,4,38,43,36.5,27,130,6.40UK,KRK,,,6.40KRK
EUR,1942,8,27,6,14,11,41.7,20.4,33,6.00UK,KRK,,,6.00KRK
EUR,1943,1,7,22,36,,37.3,20.6,100,6.10UK,KRK,,,6.10KRK
EUR,1943,6,27,10,5,37,35,26,100,6.10UK,KRK,,,6.10KRK
EUR,1943,7,27,,,,35,26,70,5.50UK,KRK,,,5.50KRK
EUR,1943,10,16,13,8,46,36.4,27.9,110,6.60UK,KRK,,,6.60KRK
EUR,1943,12,7,1,19,,41,35.6,33,5.60UK,KRK,,,5.60KRK
EUR,1944,4,15,4,40,,40.5,31.2,,5.60UK,KRK,,,5.60KRK
EUR,1944,6,28,2,57,21,36,45,33,5.50UK,KRK,,,5.50KRK
EUR,1944,8,9,17,36,37,36.5,27.5,100,5.90UK,KRK,,,5.90KRK
EUR,1944,8,17,13,28,4,35.5,26.5,100,5.50UK,KRK,,,5.50KRK
EUR,1945,9,,,,,39,43.3,33,5.80UK,KRK,,,5.80KRK
EUR,1947,6,4,0,29,55,40,24,80,6.20UK,KRK,,,6.20KRK
EUR,1947,7,7,22,35,50,38,20.5,100,6.20UK,KRK,,,6.20KRK
EUR,1947,8,30,22,21,31,35.1,23.4,33,6.40UK,KRK,,,6.40KRK
EUR,1947,12,9,23,40,5,36.6,35.5,33,5.80UK,KRK,,,5.80KRK
EUR,1947,12,14,,,,39.9,42.5,33,5.50UK,KRK,,,5.50KRK
EUR,1948,4,22,10,42,45,38.8,20.6,33,6.70UK,KRK,,,6.70KRK
EUR,1948,4,30,14,50,,36,31,45,5.80UK,KRK,,,5.80KRK
EUR,1948,6,29,16,6,29,41.9,46.4,80,6.10UK,KRK,,,6.10KRK
EUR,1948,7,24,6,3,5,35.2,24.4,100,7.00UK,KRK,,,7.00KRK
EUR,1948,8,10,13,26,49,36.9,28.8,33,5.60UK,KRK,,,5.60KRK
EUR,1948,9,11,8,52,32,37.2,23.2,100,6.50UK,KRK,,,6.50KRK
EUR,1949,1,14,15,53,58,38.9,25,33,5.60UK,KRK,,,5.60KRK
EUR,1949,6,17,4,20,,34,28.5,100,5.80UK,KRK,,,5.80KRK
EUR,1951,3,18,9,24,30,39.9,42.1,33,5.50UK,KRK,,,5.50KRK
EUR,1951,5,28,14,16,,31.8,27,100,6.20UK,KRK,,,6.20KRK
EUR,1952,1,31,0,21,,40,41.7,33,6.00UK,KRK,,,6.00KRK
EUR,1952,3,9,4,45,25,38,20.8,100,5.70UK,KRK,,,5.70KRK
EUR,1952,6,12,,11,,34.8,26.2,150,6.00UK,KRK,,,6.00KRK
EUR,1952,9,3,13,48,2,39,43,33,5.50UK,KRK,,,5.50KRK
EUR,1952,12,17,23,3,58,34.7,24.7,100,7.10UK,KRK,,,7.10KRK
EUR,1953,2,14,8,53,13,35.5,26.5,100,6.20UK,KRK,,,6.20KRK
EUR,1953,3,15,14,15,54,34,25,100,5.60UK,KRK,,,5.60KRK
EUR,1953,3,18,19,6,13,40.1,27.3,10,7.50UK,KRK,,,7.50KRK
EUR,1953,5,2,18,37,38,38.7,26.5,33,6.00UK,KRK,,,6.00KRK
EUR,1953,6,23,1,53,12,36,25,100,6.10UK,KRK,,,6.10KRK
EUR,1953,12,15,16,40,19,39.1,41.4,33,5.50UK,KRK,,,5.50KRK
EUR,1954,1,18,14,16,,37.7,21.2,90,6.10UK,KRK,,,6.10KRK
EUR,1954,3,21,18,58,,34.5,25,130,5.70UK,KRK,,,5.70KRK
EUR,1954,3,23,12,58,,40.5,27.5,100,5.50UK,KRK,,,5.50KRK
EUR,1954,6,11,11,25,36,41.4,44.1,33,5.50UK,KRK,,,5.50KRK
EUR,1954,8,3,18,18,13,40.1,24.5,33,6.00UK,KRK,,,6.00KRK
EUR,1954,9,4,4,19,12,36.7,26.7,130,5.60UK,KRK,,,5.60KRK
EUR,1954,10,24,0,44,36,40,40,33,6.00UK,KRK,,,6.00KRK
EUR,1954,12,23,16,27,18,37.9,21.1,33,6.00UK,KRK,,,6.00KRK
EUR,1955,1,11,9,21,,35.2,23.5,130,5.80UK,KRK,,,5.80KRK
EUR,1955,1,28,7,41,,33.9,23.6,130,6.20UK,KRK,,,6.20KRK
EUR,1955,4,19,16,47,19,39.4,23.1,33,6.30UK,KRK,,,6.30KRK
EUR,1955,7,9,23,53,42,40.7,22.2,33,5.60UK,KRK,,,5.60KRK
EUR,1956,5,15,18,34,,37.5,20.5,15,5.60UK,KRK,,,5.60KRK
EUR,1958,6,5,13,29,,37,20.7,120,5.80UK,KRK,,,5.80KRK
EUR,1961,11,28,8,58,,40,26.3,120,6.00UK,KRK,,,6.00KRK
EUR,1962,8,28,10,59,,37.7,22.3,120,6.90UK,KRK,,,6.90KRK
GREAT,1939,12,26,23,57,21,39.5,38.5,,7.70mB,ABE1,8.00Ms,KMORI,8.00ABE1
GREEK,1917,11,28,10,21,10,38.5,20.6,,5.70Ms,GREEK,,,5.70GREEK
GREEK,33,,,,0,0,40.6,29.7,,6.80Ms,GREEK,,,6.80GREEK
GREEK,358,8,24,,,,40.6,29.6,,7.60Ms,GREEK,,,7.60GREEK
GREEK,488,9,26,,,,40.8,29.4,,7.00Ms,GREEK,,,7.00GREEK
GREEK,796,4,7,,,,35.6,25.2,61,7.50Ms,GREEK,,,7.50GREEK
GREEK,865,5,16,,,,41,28.8,,6.80Ms,GREEK,,,6.80GREEK
GREEK,1672,5,25,,,,41,30,,6.50Ms,GREEK,,,6.50GREEK
GREEK,1901,10,25,16,18,30,37,22.2,,5.50Ms,GREEK,,,5.50GREEK
GREEK,1901,12,24,23,18,0,37.2,22.2,,5.80Ms,GREEK,,,5.80GREEK
GREEK,1902,11,5,23,50,30,38.2,20.5,,5.50Ms,GREEK,,,5.50GREEK
GREEK,1903,5,29,9,34,30,39.8,18.7,,6.00Ms,GREEK,,,6.00GREEK
GREEK,1903,7,19,18,7,54,35,30,,5.70Ms,GREEK,,,5.70GREEK
GREEK,1903,11,25,23,16,42,42.1,23.2,,5.60Ms,GREEK,,,5.60GREEK
GREEK,1904,4,5,9,33,30,37.8,22.2,,5.50Ms,GREEK,,,5.50GREEK
GREEK,1904,5,19,10,2,30,38.4,27.2,,5.50Ms,GREEK,,,5.50GREEK
GREEK,1905,6,3,4,15,30,38.2,20.5,,5.50Ms,GREEK,,,5.50GREEK
GREEK,1905,10,23,2,38,48,41.4,24,,5.50Ms,GREEK,,,5.50GREEK
GREEK,1905,11,18,0,19,0,41,23,,5.60Ms,GREEK,,,5.60GREEK
GREEK,1907,8,16,13,30,30,41.1,20.1,,6.20Ms,GREEK,,,6.20GREEK
GREEK,1909,2,15,9,34,30,42.5,26.4,,5.90Ms,GREEK,,,5.90GREEK
GREEK,1909,7,15,0,34,42,37.9,21.5,,5.70Ms,GREEK,,,5.70GREEK
GREEK,1910,12,27,3,54,30,37.9,21.2,,5.60Ms,GREEK,,,5.60GREEK
GREEK,1912,5,17,16,38,8,34.2,23.7,,5.90Ms,GREEK,,,5.90GREEK
GREEK,1913,7,6,7,5,47,35.9,23.2,,5.70Ms,GREEK,,,5.70GREEK
GREEK,1915,5,17,10,39,23,38,21,,5.60Ms,GREEK,,,5.60GREEK
GREEK,1915,6,4,17,22,2,39.1,21.5,,5.80Ms,GREEK,,,5.80GREEK
GREEK,1915,6,24,5,20,36,35,24,,5.90Ms,GREEK,,,5.90GREEK
GREEK,1916,2,6,14,39,40,39.1,23.5,,5.80Ms,GREEK,,,5.80GREEK
GREEK,1916,9,27,15,2,13,38.9,23,,5.90Ms,GREEK,,,5.90GREEK
GREEK,1916,11,25,2,2,48,38,19,,5.70Ms,GREEK,,,5.70GREEK
GREEK,1917,3,14,18,12,30,40,20,,5.50Ms,GREEK,,,5.50GREEK
GREEK,1917,4,26,13,14,18,39.8,20.4,,5.60Ms,GREEK,,,5.60GREEK
GREEK,1918,1,27,12,56,47,38.5,22,,5.50Ms,GREEK,,,5.50GREEK
GREEK,1918,2,9,12,28,42,39.3,23.7,,5.60Ms,GREEK,,,5.60GREEK
GREEK,1918,3,17,13,45,5,35,27.5,,5.70Ms,GREEK,,,5.70GREEK
GREEK,1919,1,5,15,25,30,40,20,,5.50Ms,GREEK,,,5.50GREEK
GREEK,1920,1,9,11,58,27,41.7,26.2,,5.50Ms,GREEK,,,5.50GREEK
GREEK,1920,7,21,14,29,5,34.4,27,,5.50Ms,GREEK,,,5.50GREEK
GREEK,1920,10,21,18,57,48,39.6,20.3,,5.80Ms,GREEK,,,5.80GREEK
GREEK,1921,1,27,11,30,9,36,28,,5.60Ms,GREEK,,,5.60GREEK
GREEK,1921,3,30,15,5,30,41.7,20.5,,5.80Ms,GREEK,,,5.80GREEK
GREEK,1921,6,26,3,40,38,39.3,21,,5.70Ms,GREEK,,,5.70GREEK
GREEK,1921,8,10,14,10,32,42.3,21.4,,5.80Ms,GREEK,,,5.80GREEK
GREEK,1922,3,8,17,33,45,34.5,25,,5.50Ms,GREEK,,,5.50GREEK
GREEK,1922,6,5,4,31,5,35,22.5,,5.90Ms,GREEK,,,5.90GREEK
GREEK,1922,8,8,3,49,6,37.5,23.2,,5.60Ms,GREEK,,,5.60GREEK
GREEK,1923,1,21,4,13,30,37,20.5,,5.60Ms,GREEK,,,5.60GREEK
GREEK,1923,5,29,11,34,20,41,30,,5.50Ms,GREEK,,,5.50GREEK
GREEK,1924,11,13,9,44,10,39.3,20.7,,5.50Ms,GREEK,,,5.50GREEK
GREEK,1925,2,7,12,14,58,37,19,,5.60Ms,GREEK,,,5.60GREEK
GREEK,1925,4,5,3,4,25,35.5,29,,5.90Ms,GREEK,,,5.90GREEK
GREEK,1926,1,13,1,47,4,38.6,28.1,,5.90Ms,GREEK,,,5.90GREEK
GREEK,1926,2,26,16,8,23,37.8,21.1,,5.70Ms,GREEK,,,5.70GREEK
GREEK,1926,8,18,17,5,1,38.5,20.7,,5.60Ms,GREEK,,,5.60GREEK
GREEK,1927,3,24,14,46,35,35,26,,5.60Ms,GREEK,,,5.60GREEK
GREEK,1927,6,30,22,59,36,39,20.7,,5.80Ms,GREEK,,,5.80GREEK
GREEK,1930,6,25,21,25,30,35.2,23.8,,5.50Ms,GREEK,,,5.50GREEK
GREEK,1931,6,30,10,23,56,36.5,23,,5.50Ms,GREEK,,,5.50GREEK
GREEK,1931,11,23,23,32,10,36.5,21.5,,5.50Ms,GREEK,,,5.50GREEK
GREEK,1932,3,9,10,16,55,38.2,20.5,,5.60Ms,GREEK,,,5.60GREEK
GREEK,1932,6,29,2,30,6,35.5,27.6,,5.60Ms,GREEK,,,5.60GREEK
GREEK,1934,2,21,11,37,20,34.5,22.5,,5.60Ms,GREEK,,,5.60GREEK
GREEK,1936,4,8,4,17,18,41,23.5,,5.50Ms,GREEK,,,5.50GREEK
GREEK,1938,2,10,20,37,53,34.8,26.2,,5.60Ms,GREEK,,,5.60GREEK
GREEK,1938,3,13,17,45,32,38.8,20.6,,5.80Ms,GREEK,,,5.80GREEK
GREEK,1939,9,15,23,16,26,39.8,29.6,,5.70Ms,GREEK,,,5.70GREEK
GREEK,1942,6,1,9,17,40,39.3,22.4,,5.60Ms,GREEK,,,5.60GREEK
GREEK,1943,1,7,11,14,45,38.5,20.5,,5.60Ms,GREEK,,,5.60GREEK
GREEK,1944,7,20,10,37,20,35.5,26.5,,5.60Ms,GREEK,,,5.60GREEK
GREEK,1946,4,12,7,36,43,35.5,26.5,,5.60Ms,GREEK,,,5.60GREEK
GREEK,1946,7,16,5,26,26,33.8,25.3,,5.80Ms,GREEK,,,5.80GREEK
GREEK,1947,4,19,20,29,35,39.2,23.6,,5.60Ms,GREEK,,,5.60GREEK
GREEK,1947,6,1,11,18,35,36.6,21.5,,5.80Ms,GREEK,,,5.80GREEK
GREEK,1947,9,13,15,11,17,37.4,20,,5.60Ms,GREEK,,,5.60GREEK
GREEK,1947,11,6,16,8,0,40.2,24.5,,5.50Ms,GREEK,,,5.50GREEK
GREEK,1948,3,29,10,22,40,35.1,23.4,,5.80Ms,GREEK,,,5.80GREEK
GREEK,1948,5,22,5,7,40,33.3,23.5,,5.60Ms,GREEK,,,5.60GREEK
GREEK,1948,8,27,10,44,6,42,19.5,,5.60Ms,GREEK,,,5.60GREEK
GREEK,1948,9,21,17,53,53,36.6,21.5,,5.50Ms,GREEK,,,5.50GREEK
GREEK,1948,10,10,17,43,1,35.1,23.4,,5.80Ms,GREEK,,,5.80GREEK
GREEK,1950,9,23,6,23,40,34.8,25.6,,5.50Ms,GREEK,,,5.50GREEK
GREEK,1952,3,19,1,27,29,39.8,28.7,,5.80Ms,GREEK,,,5.80GREEK
GREEK,1952,10,5,10,54,56,37.5,20.8,,5.80Ms,GREEK,,,5.80GREEK
GREEK,1953,1,7,1,18,57,41.3,20.6,,5.60Ms,GREEK,,,5.60GREEK
GREEK,1953,6,13,18,38,58,38.1,22.6,,5.50Ms,GREEK,,,5.50GREEK
GREEK,1953,9,5,14,18,41,37.9,23.1,,5.80Ms,GREEK,,,5.80GREEK
GREEK,1954,5,1,20,53,31,37.8,27.1,,5.60Ms,GREEK,,,5.60GREEK
GREEK,1955,1,3,1,7,3,39.2,22.1,,5.60Ms,GREEK,,,5.60GREEK
GREEK,1955,3,28,14,45,50,37.7,21.2,,5.70Ms,GREEK,,,5.70GREEK
GREEK,1955,4,13,20,45,46,37.2,22.3,,5.90Ms,GREEK,,,5.90GREEK
GREEK,1957,2,19,7,43,59,36.2,21.6,,5.90Ms,GREEK,,,5.90GREEK
GREEK,1958,1,16,4,18,15,39.5,25.4,,5.70Ms,GREEK,,,5.70GREEK
GREEK,1958,9,2,1,13,23,37.5,20.7,,5.50Ms,GREEK,,,5.50GREEK
GREEK,1960,2,23,7,34,31,39,20.6,,5.60Ms,GREEK,,,5.60GREEK
GREEK,1960,11,5,20,20,48,39.1,20.6,,5.70Ms,GREEK,,,5.70GREEK
GUTE,1910,8,21,16,11,30,34,27,170,6.50UK,PAS,,,6.50PAS
GUTE,1911,4,30,20,42,30,36,30,180,6.25UK,PAS,,,6.30PAS
GUTE,1921,4,20,16,4,20,34,33,,5.60UK,PAS,,,5.60PAS
GUTE,1924,9,10,11,59,30,37,32,,5.60UK,PAS,,,5.60PAS
GUTE,1927,11,12,14,45,50,32.5,46.5,,5.60UK,PAS,,,5.60PAS
GUTE,1928,8,23,6,15,55,36.5,36,,5.60UK,PAS,,,5.60PAS
GUTE,1929,2,10,17,20,16,44,44,,5.60UK,PAS,,,5.60PAS
GUTE,1929,5,18,6,37,51,40,38,,6.50UK,PAS,,,6.50PAS
GUTE,1929,7,15,7,44,14,32,49.5,,6.25UK,PAS,,,6.20PAS
GUTE,1929,8,4,9,3,53,36,31,,5.60UK,PAS,,,5.60PAS
GUTE,1930,3,6,9,18,32,35,24.5,100,6.00UK,PAS,,,6.00PAS
GUTE,1931,7,12,22,24,22,39.5,26,,5.60UK,PAS,,,5.60PAS
GUTE,1931,7,31,0,2,55,40.5,40,,5.60UK,PAS,,,5.60PAS
GUTE,1932,1,22,0,48,56,33,47,,5.60UK,PAS,,,5.60PAS
GUTE,1932,3,15,7,44,34,41,45,,5.60UK,PAS,,,5.60PAS
GUTE,1932,3,15,10,18,6,34,48,,5.60UK,PAS,,,5.60PAS
GUTE,1932,4,27,1,47,46,34,23.5,,5.60UK,PAS,,,5.60PAS
GUTE,1932,5,7,14,54,9,36.25,45,,5.60UK,PAS,,,5.60PAS
GUTE,1932,5,14,3,44,53,36,28.5,,5.60UK,PAS,,,5.60PAS
GUTE,1932,10,23,13,36,35,35.25,27.25,,5.60UK,PAS,,,5.60PAS
GUTE,1933,4,28,22,28,41,35.25,27,,5.60UK,PAS,,,5.60PAS
GUTE,1934,3,8,2,56,47,33.25,26,,5.60UK,PAS,,,5.60PAS
GUTE,1934,6,19,18,43,15,39,31,,5.60UK,PAS,,,5.60PAS
GUTE,1934,11,12,7,19,16,39,41,,6.00UK,PAS,,,6.00PAS
GUTE,1934,11,21,22,26,13,34,26,,5.60UK,PAS,,,5.60PAS
GUTE,1936,6,13,0,32,39,32.75,22.5,,5.60UK,PAS,,,5.60PAS
GUTE,1936,6,14,17,1,30,37,35.5,,5.60UK,PAS,,,5.60PAS
GUTE,1936,9,21,11,41,24,41,33,,5.60UK,PAS,,,5.60PAS
GUTE,1937,1,2,14,4,2,35,25,,5.60UK,PAS,,,5.60PAS
GUTE,1938,9,18,3,50,38,38,22.5,100,6.50UK,PAS,,,6.50PAS
GUTE,1939,1,25,11,2,22,31,50,,5.60UK,PAS,,,5.60PAS
GUTE,1939,5,20,9,35,23,41,19.5,,5.60UK,PAS,,,5.60PAS
GUTE,1939,11,4,10,15,24,32,49.5,,6.00UK,PAS,,,6.00PAS
GUTE,1940,7,6,17,45,12,33.5,46.5,,5.60UK,PAS,,,5.60PAS
GUTE,1941,6,10,20,38,43,32,47.5,,5.60UK,PAS,,,5.60PAS
GUTE,1941,6,24,15,16,10,41,20.5,,5.60UK,PAS,,,5.60PAS
GUTE,1946,4,5,20,54,5,35.25,23.5,100,6.00UK,PAS,,,6.00PAS
GUTE,1946,7,27,16,25,43,36,46,,5.50UK,PAS,,,5.50PAS
GUTE,1946,8,17,9,48,6,35,46,,5.60UK,PAS,,,5.60PAS
GUTE,1946,8,17,23,37,40,35,46,,5.60UK,PAS,,,5.60PAS
IPRG,1907,6,22,17,40,,33.6,35.3,,5.70mb,IPRG,,,5.70IPRG
IPRG,1924,2,18,17,4,,34.3,33.9,,6.00mb,IPRG,,,6.00IPRG
IPRG,1924,2,27,20,4,,32.599,36.1,,5.70mb,IPRG,,,5.70IPRG
IPRG,1927,7,11,13,3,,31.8,35.5,,6.20mb,IPRG,,,6.20IPRG
IPRG,1951,1,30,23,7,,32.2,33.3,,6.20mb,IPRG,,,6.20IPRG
IPRG,1952,10,15,17,50,,34.7,32.8,,5.60mb,IPRG,,,5.60IPRG
IPRG,1954,9,13,21,46,,30.9,35.3,,5.50mb,IPRG,,,5.50IPRG
IPRG,1957,11,3,9,56,,32.5,35.8,,5.50mb,IPRG,,,5.50IPRG
IPRG,1961,9,15,1,46,,34.9,33.8,,6.00mb,IPRG,,,6.00IPRG
ISS,1953,6,3,16,5,24,40.1,28.8,,6.00UK,IST,,,6.00IST
ISS,1953,11,8,14,45,46,39.1,24.2,,5.50UK,ATH,,,5.50ATH
ISS,1954,8,5,20,39,8,35.8,27.5,,5.50UK,ATH,,,5.50ATH
ITALY,1088,9,10,,,,40.5,18,,5.80Ms,ITALY,,,5.80ITALY
MEAST,1903,3,29,22,30,0,32.2,35.5,,5.30ML,MEAST,5.70Ms,MEAST,5.70MEAST
MEAST,1903,4,19,0,0,0,39.1,42.4,,5.60ML,MEAST,6.80Ms,MEAST,6.80MEAST
MEAST,1905,12,4,12,20,0,38,37,60,5.70ML,MEAST,7.00Ms,MEAST,7.00MEAST
MEAST,1908,9,28,6,28,0,38,44,33,5.30ML,MEAST,5.80Ms,MEAST,5.80MEAST
MEAST,1909,1,23,2,48,0,33.4,49.1,,5.80ML,MEAST,7.30Ms,MEAST,7.30MEAST
MEAST,1909,2,9,11,24,6,40,38,60,5.50ML,MEAST,6.50Ms,MEAST,6.50MEAST
MEAST,1926,6,26,19,46,0,36.5,27.5,100,6.00ML,MEAST,8.10Ms,MEAST,8.10MEAST
MEAST,1926,10,22,19,59,0,40.7,43.7,7,5.30ML,MEAST,5.70Ms,MEAST,5.70MEAST
MEAST,1938,4,19,10,56,0,39.1,34,,5.60ML,MEAST,6.80Ms,MEAST,6.80MEAST
MEAST,1938,4,19,10,59,0,39.6,33.7,,5.60ML,MEAST,6.70Ms,MEAST,6.70MEAST
MEAST,1940,2,20,0,0,0,38.4,35.5,,5.30ML,MEAST,5.70Ms,MEAST,5.70MEAST
GREEK,1940,2,23,0,39,51,40.6,19.6,,5.50Ms,GREEK,,,5.50GREEK
MEAST,1941,9,10,21,53,0,39.5,43.3,,5.40ML,MEAST,6.00Ms,MEAST,6.00MEAST
MEAST,1942,11,26,22,20,0,40.5,34,,5.80ML,MEAST,7.60Ms,MEAST,7.60MEAST
MEAST,1942,12,20,14,3,0,40.7,36.8,,5.80ML,MEAST,7.30Ms,MEAST,7.30MEAST
MEAST,1943,1,20,15,32,0,40.8,30.5,,5.50ML,MEAST,6.60Ms,MEAST,6.60MEAST
MEAST,1943,11,26,22,20,0,41,33.7,,5.80ML,MEAST,7.60Ms,MEAST,7.60MEAST
MEAST,1944,2,1,3,23,0,41.5,32.4,,5.80ML,MEAST,7.40Ms,MEAST,7.40MEAST
EUR,1944,3,11,9,,,40.8,32.2,33,5.80UK,KRK,,,5.80KRK
MEAST,1945,12,21,0,0,0,38,28.9,,5.30ML,MEAST,5.70Ms,MEAST,5.70MEAST
MEAST,1946,5,31,3,12,0,40,41.5,,5.40ML,MEAST,6.00Ms,MEAST,6.00MEAST
MEAST,1956,3,16,19,32,0,33.6,35.6,16,5.40ML,MEAST,6.00Ms,MEAST,6.00MEAST
MEAST,1956,7,9,3,11,0,37,26,60,5.80ML,MEAST,7.60Ms,MEAST,7.60MEAST
MEAST,1957,5,26,6,33,0,40.7,30.9,,5.70ML,MEAST,7.20Ms,MEAST,7.20MEAST
MEAST,1957,12,13,1,45,0,34.3,47.8,40,5.70ML,MEAST,7.20Ms,MEAST,7.20MEAST
MEAST,1958,8,16,19,13,0,34.3,47.8,,5.60ML,MEAST,6.80Ms,MEAST,6.80MEAST
MEAST,1959,4,25,0,26,0,37,28.7,,5.40ML,MEAST,6.30Ms,MEAST,6.30MEAST
MEAST,1959,12,25,15,57,0,39.1,41.6,,5.40ML,MEAST,6.20Ms,MEAST,6.20MEAST
MEAST,1962,9,1,19,20,0,35.6,49.8,27,5.70ML,MEAST,7.20Ms,MEAST,7.20MEAST
MEAST,1962,9,4,22,59,0,39.9,43.9,,5.20ML,MEAST,5.50Ms,MEAST,5.50MEAST
MED,1951,8,31,12,29,37,35.5,22.8,,5.70Ms,MED,,,5.70MED
MED,1962,3,18,15,30,30,40.7,19.6,,6.10Ms,MED,,,6.10MED
MED,1903,8,11,4,32,54,36,23,100,8.00Ms,MED,,,8.00MED
MED,1905,10,8,7,27,30,41.8,23.1,,6.50Ms,MED,,,6.50MED
MED,1905,12,4,7,4,0,39,39,,6.80Ms,MED,,,6.80MED
MED,1908,5,17,12,30,42,35.5,24,120,6.70Ms,MED,,,6.70MED
MED,1911,3,11,20,40,30,42,23,,5.50Ms,MED,,,5.50MED
MED,1912,8,9,1,29,0,40.6,27.2,,7.70Ms,MED,,,7.70MED
MED,1913,6,14,9,33,13,43.1,25.7,,6.90Ms,MED,,,6.90MED
MED,1914,9,17,13,0,48,37.75,21,,5.60Ms,MED,,,5.60MED
MED,1915,5,19,4,48,24,37.6,39.5,,5.50Ms,MED,,,5.50MED
MED,1918,9,29,12,7,5,35.2,34.7,,6.50Ms,MED,,,6.50MED
MED,1919,8,19,20,17,20,35.2,34.7,,5.50Ms,MED,,,5.50MED
MED,1919,8,22,22,35,47,40,20,,5.50Ms,MED,,,5.50MED
MED,1920,12,18,2,1,24,41.1,20.1,,6.00Ms,MED,,,6.00MED
MED,1921,10,21,2,6,10,41.1,20.1,,5.50Ms,MED,,,5.50MED
MED,1922,4,2,0,46,10,34.7,34.8,,5.50Ms,MED,,,5.50MED
MED,1922,11,4,4,20,12,37,20.5,,5.90Ms,MED,,,5.90MED
MED,1923,4,29,9,34,41,40.1,36.4,,5.90Ms,MED,,,5.90MED
MED,1924,11,20,20,27,45,38.5,30.8,,5.90Ms,MED,,,5.90MED
MED,1926,1,13,1,46,44,38,29.5,,5.80Ms,MED,,,5.80MED
MED,1926,3,18,17,52,54,35.9,29.8,80,5.50Ms,MED,,,5.50MED
MED,1926,10,23,1,58,40,40,20,,5.50Ms,MED,,,5.50MED
MED,1927,6,5,8,24,58,36,31,120,6.20Ms,MED,,,6.20MED
MED,1927,12,12,20,26,19,34.5,34,,5.50Ms,MED,,,5.50MED
MED,1928,2,22,17,50,48,32,35.5,,5.50Ms,MED,,,5.50MED
MED,1930,5,9,7,7,21,34.1,32.2,,5.70Ms,MED,,,5.70MED
MED,1930,9,11,12,36,49,37.5,31.3,,6.00Ms,MED,,,6.00MED
MED,1930,12,10,10,31,29,39.7,39.2,,5.60Ms,MED,,,5.60MED
MED,1931,1,4,0,0,43,38,23,,5.60Ms,MED,,,5.60MED
MED,1931,9,23,13,28,0,40.4,19.6,,5.50Ms,MED,,,5.50MED
MED,1933,3,14,1,19,39,38.4,25.3,,5.50Ms,MED,,,5.50MED
MED,1933,5,11,19,9,50,40.4,23.7,,6.30Ms,MED,,,6.30MED
MED,1935,3,31,3,21,31,41.1,20.4,,5.80Ms,MED,,,5.80MED
MED,1935,11,7,4,37,28,41.3,20.3,,5.60Ms,MED,,,5.60MED
MED,1936,1,14,15,11,28,36.6,23.1,,5.50Ms,MED,,,5.50MED
MED,1939,8,3,12,32,55,39.7,29.7,,5.50Ms,MED,,,5.50MED
MED,1939,11,21,8,48,52,39.7,39.7,,5.90Ms,MED,,,5.90MED
MED,1940,1,6,19,4,33,35.7,25.9,,5.60Ms,MED,,,5.60MED
MED,1940,7,30,0,12,15,39.6,35.2,,6.20Ms,MED,,,6.20MED
MED,1940,8,16,16,2,23,35.7,30.8,,5.50Ms,MED,,,5.50MED
MED,1942,2,5,1,15,58,38.8,27.7,,5.50Ms,MED,,,5.50MED
MED,1942,5,9,4,37,9,35.7,26.8,120,5.70Ms,MED,,,5.70MED
MED,1942,10,28,2,22,53,39.1,27.8,,6.00Ms,MED,,,6.00MED
MED,1942,12,2,19,4,27,41,34.9,,5.50Ms,MED,,,5.50MED
MED,1943,2,14,7,28,22,38,20,,5.80Ms,MED,,,5.80MED
MED,1943,7,22,7,9,28,38.8,20.6,,5.60Ms,MED,,,5.60MED
MED,1943,11,20,10,1,52,36.9,28.8,,5.70Ms,MED,,,5.70MED
MED,1944,5,27,23,52,32,36.2,27.2,,6.20Ms,MED,,,6.20MED
MED,1945,3,20,7,58,49,37.4,35.8,,6.00Ms,MED,,,6.00MED
MED,1946,2,21,15,43,4,38.3,31.8,,5.60Ms,MED,,,5.60MED
MED,1946,4,16,11,43,50,40.8,19.9,,5.50Ms,MED,,,5.50MED
MED,1948,10,18,8,59,53,35.5,27.2,,5.60Ms,MED,,,5.60MED
MED,1951,8,24,10,27,26,37.3,21.3,,5.50Ms,MED,,,5.50MED
MED,1954,1,2,1,13,41,37,27.1,140,5.50Ms,MED,,,5.50MED
MED,1954,3,8,8,17,18,38,20.6,,5.50Ms,MED,,,5.50MED
MED,1955,9,12,6,9,24,32.2,29.6,,6.60Ms,MED,,,6.60MED
MED,1956,12,18,17,53,3,31.6,35.5,,5.60Ms,MED,,,5.60MED
MED,1957,10,30,1,42,59,35.1,27.2,,5.60Ms,MED,,,5.60MED
MED,1957,11,27,3,8,4,39.2,22.6,,5.80Ms,MED,,,5.80MED
MED,1958,1,2,2,8,14,36.2,22.3,,5.70Ms,MED,,,5.70MED
MED,1958,4,3,2,23,42,41.1,19.8,,5.70Ms,MED,,,5.70MED
MED,1958,4,3,7,18,33,34.9,27.4,,5.60Ms,MED,,,5.60MED
MED,1958,5,27,18,27,45,36.8,26.7,166,5.50Ms,MED,,,5.50MED
MED,1958,7,17,5,37,6,40.6,23.4,,5.60Ms,MED,,,5.60MED
MED,1959,6,10,4,16,2,35.6,23.6,,5.50Ms,MED,,,5.50MED
MED,1959,6,13,12,1,58,34.8,32.5,60,5.60Ms,MED,,,5.60MED
MED,1959,9,16,5,13,50,35.2,26,,5.50Ms,MED,,,5.50MED
MED,1962,1,26,8,17,35,35.2,22.7,,6.30Ms,MED,,,6.30MED
MED,1962,6,11,7,15,37,43.6,18.3,,6.00Ms,MED,,,6.00MED
NEI,1963,5,10,10,57,34.7,40.9,47.8,150,5.50Mb,NEI,,,5.50NEI
NEI,1963,5,11,1,10,48.5,32.8,19.4,33,5.80Mb,NEI,,,5.80NEI
NEI,1963,5,23,10,15,8.9,36.6,30,226,5.60Mb,NEI,,,5.60NEI
NEI,1963,7,16,18,27,18.4,43.1,41.5,33,5.80Mb,NEI,,,5.80NEI
NEI,1963,7,26,4,17,12.5,42.1,21.4,5,5.88un,NEI,,,5.88NEI
NEI,1963,9,18,16,58,12.5,40.9,29.2,33,6.38un,NEI,,,6.38NEI
NEI,1963,12,16,13,47,56.4,37.1,20.9,15,5.60Mb,NEI,,,5.60NEI
NEI,1964,6,14,12,15,31.3,38,38.5,8,5.88un,NEI,,,5.88NEI
NEI,1964,10,6,14,31,19.2,40.3,28.2,10,6.00Mb,NEI,,,6.00NEI
NEI,1965,3,9,17,57,53.7,39.4,24,18,6.38un,NEI,,,6.38NEI
NEI,1965,3,31,9,47,30.7,38.6,22.4,78,6.75un,NEI,,,6.75NEI
NEI,1965,4,5,3,12,54.2,37.7,21.8,34,5.70Mb,NEI,,,5.70NEI
NEI,1965,4,9,23,57,3.2,35.1,24.3,51,6.00Mb,NEI,,,6.00NEI
NEI,1965,4,27,14,9,7.1,35.7,23.5,50,5.50Mb,NEI,,,5.50NEI
NEI,1965,7,6,3,18,42.7,38.4,22.4,20,6.25un,NEI,,,6.25NEI
NEI,1965,11,28,5,26,7.4,36.3,27.5,89,5.80Mb,NEI,,,5.80NEI
NEI,1966,2,5,2,1,45.5,39.1,21.7,22,5.60Mb,NEI,,,5.60NEI
NEI,1966,3,7,1,16,9.7,39.1,41.6,38,6.00un,NEI,,,6.00NEI
NEI,1966,5,9,0,42,54.2,34.5,26.4,20,5.50Mb,NEI,,,5.50NEI
NEI,1966,8,19,12,22,10.7,39.2,41.6,33,6.70Ms,NEI,,,6.70NEI
NEI,1966,8,20,12,1,43.2,39.1,40.7,33,5.50Mb,NEI,,,5.50NEI
NEI,1966,8,20,13,8,8.8,42,18.6,30,5.60Mb,NEI,,,5.60NEI
NEI,1966,10,29,2,39,26,38.9,21.1,8,5.80Mb,NEI,,,5.80NEI
NEI,1967,1,11,11,20,46.4,34.106,45.658,41,5.50Mb,NEI,,,5.50NEI
NEI,1967,2,9,14,8,18.2,39.977,20.253,1,5.50Mb,NEI,,,5.50NEI
NEI,1967,3,4,17,58,6.2,39.221,24.618,33,5.80Mb,NEI,,,5.80NEI
NEI,1967,5,1,7,8,58.6,39.581,21.246,5,5.60Mb,NEI,,,5.60NEI
NEI,1967,7,22,16,56,53.3,40.7,30.8,4,6.00Mb,NEI,,,6.00NEI
NEI,1967,7,26,18,53,1.3,39.5,40.4,33,5.60Mb,NEI,,,5.60NEI
NEI,1967,11,9,14,48,44.2,35.5,27.8,47,5.70Mb,NEI,,,5.70NEI
NEI,1967,11,30,7,23,51.5,41.5,20.5,29,6.00Mb,NEI,,,6.00NEI
NEI,1968,5,30,17,40,24.4,35.493,27.961,21,5.50Ms,NEI,,,5.50NEI
NEI,1968,9,3,8,19,52.2,41.79,32.306,5,6.60Ms,NEI,,,6.60NEI
NEI,1968,12,5,7,52,11,36.585,26.971,35,5.50Mb,NEI,,,5.50NEI
NEI,1969,1,14,23,12,7.9,36.175,29.203,33,6.00Ms,NEI,,,6.00NEI
NEI,1969,3,3,0,59,10.5,40.116,27.43,4,5.60Mb,NEI,,,5.60NEI
NEI,1969,3,23,21,8,42.6,39.163,28.483,12,5.60Ms,NEI,,,5.60NEI
NEI,1969,3,28,1,48,30.4,38.587,28.449,9,6.40Ms,NEI,,,6.40NEI
NEI,1969,4,3,22,12,23.8,40.738,19.885,33,5.50Ms,NEI,,,5.50NEI
NEI,1969,4,6,3,49,33.5,38.495,26.418,14,5.50Ms,NEI,,,5.50NEI
NEI,1969,6,12,15,13,31.1,34.405,25.061,25,5.80Ms,NEI,,,5.80NEI
NEI,1969,10,13,1,2,28.5,39.857,20.635,8,5.60Mb,NEI,,,5.60NEI
NEI,1970,3,28,21,2,23.4,39.182,29.488,20,7.10Ms,NEI,,,7.10NEI
NEI,1970,4,8,13,50,27.2,38.431,22.661,17,5.90Ms,NEI,,,5.90NEI
NEI,1970,5,14,18,12,28,43.034,47.089,44,6.50Ms,NEI,,,6.50NEI
NEI,1970,8,19,2,1,53.1,41.099,19.771,33,5.70Ms,NEI,,,5.70NEI
NEI,1970,10,25,11,22,18.2,36.769,45.129,19,5.50Mb,NEI,,,5.50NEI
NEI,1970,12,20,11,1,48,39.401,29.235,38,5.50un,NEI,,,5.50NEI
NEI,1971,5,12,6,25,13,37.588,29.757,23,5.90Ms,NEI,,,5.90NEI
NEI,1971,5,22,16,43,58.7,38.829,40.521,3,6.70Ms,NEI,,,6.70NEI
NEI,1971,5,25,5,43,27,39.027,29.737,24,5.80Mb,NEI,,,5.80NEI
NEI,1971,7,11,20,12,54.8,37.174,36.796,9,5.80Ms,NEI,,,5.80NEI
NEI,1972,5,4,21,40,0.9,35.124,23.612,46,6.30Ms,NEI,,,6.30NEI
NEI,1972,9,13,4,13,20.5,37.928,22.387,83,6.00Mb,NEI,,,6.00NEI
NEI,1972,9,17,14,7,15.6,38.283,20.34,33,6.30Ms,NEI,,,6.30NEI
NEI,1973,11,29,10,57,42.7,35.181,23.797,26,5.70Mb,NEI,,,5.70NEI
NEI,1975,2,26,8,0,5.4,40.085,24.697,34,5.50un,NEI,,,5.50NEI
NEI,1975,3,27,5,15,6.2,40.418,26.139,5,6.70Ms,NEI,,,6.70NEI
NEI,1975,4,30,4,28,56.9,36.184,30.772,56,5.60Mb,NEI,,,5.60NEI
NEI,1975,9,6,9,20,10.9,38.474,40.723,26,6.70Ms,NEI,,,6.70NEI
NEI,1976,1,18,15,10,32.7,38.896,20.6,33,5.70Ms,NEI,,,5.70NEI
NEI,1976,4,29,22,18,9.1,40.888,42.855,44,5.50Ms,NEI,,,5.50NEI
NEI,1976,5,11,16,59,48.2,37.56,20.352,33,6.40Ms,NEI,,,6.40NEI
NEI,1976,7,28,20,17,42.3,43.172,45.603,21,6.10Ms,NEI,,,6.10NEI
NEI,1976,11,7,11,7,57.2,33.235,47.963,51,5.50Mb,NEI,,,5.50NEI
NEI,1976,11,24,12,22,18.8,39.121,44.029,36,7.30Ms,NEI,,,7.30NEI
NEI,1977,6,1,12,54,49.2,36.243,31.344,67,5.70Mb,NEI,,,5.70NEI
NEI,1977,6,5,4,45,7.6,32.636,48.086,40,5.80Ms,NEI,,,5.80NEI
NEI,1977,9,11,23,19,23.7,35.048,23.029,33,6.00Ms,NEI,,,6.00NEI
NEI,1977,10,5,5,34,46.8,40.963,33.411,33,5.80Ms,NEI,,,5.80NEI
NEI,1977,11,28,2,59,10.8,36.05,27.761,85,5.60Mb,NEI,,,5.60NEI
NEI,1978,4,13,18,5,25.8,43.269,20.919,33,5.70Ms,NEI,,,5.70NEI
NEI,1978,5,26,13,43,38.2,41.963,46.546,38,5.60Mb,NEI,,,5.60NEI
NEI,1978,6,20,20,3,21,40.739,23.229,3,6.40Ms,NEI,,,6.40NEI
NEI,1978,11,4,15,22,19.3,37.674,48.901,34,6.10Mb,NEI,,,6.10NEI
NEI,1978,12,14,7,5,20.6,32.139,49.646,33,6.20Ms,NEI,,,6.20NEI
NEI,1979,4,15,6,19,44.1,42.096,19.209,10,6.90Ms,NEI,,,6.90NEI
NEI,1979,5,15,6,59,21.2,34.53,24.437,33,5.60Ms,NEI,,,5.60NEI
NEI,1979,5,28,9,27,32.4,36.409,31.751,98,5.90Mb,NEI,,,5.90NEI
NEI,1979,6,14,11,44,45.9,38.808,26.527,23,5.80Mb,NEI,,,5.80NEI
NEI,1979,6,15,11,34,15.6,34.955,24.243,33,5.60Mb,NEI,,,5.60NEI
NEI,1980,5,4,18,35,20.4,38.053,48.985,46,6.20Ms,NEI,,,6.20NEI
NEI,1980,5,18,20,2,57.5,43.294,20.837,9,5.80Ms,NEI,,,5.80NEI
NEI,1980,7,9,2,11,52.8,39.269,23.041,14,6.40Ms,NEI,,,6.40NEI
NEI,1980,10,19,17,24,9.9,32.762,48.572,42,5.80Ms,NEI,,,5.80NEI
NEI,1980,12,18,12,34,15.6,36.009,44.67,33,5.80Ms,NEI,,,5.80NEI
NEI,1981,2,24,20,53,38.4,38.222,22.934,33,6.70Ms,NEI,,,6.70NEI
NEI,1981,3,10,15,16,19.8,39.481,20.699,31,5.60Mb,NEI,,,5.60NEI
NEI,1981,7,23,0,5,30.72,37.141,45.23,33,5.60Mb,NEI,,,5.60NEI
NEI,1981,8,4,18,35,41.27,38.072,49.34,27,5.50Mb,NEI,,,5.50NEI
NEI,1981,12,19,14,10,50.72,39.243,25.227,10,6.20Mb,NEI,,,6.20NEI
NEI,1982,8,17,22,22,24.43,33.772,22.961,31,6.00Mb,NEI,,,6.00NEI
NEI,1982,11,16,23,41,21.03,40.883,19.59,21,5.60Mb,NEI,,,5.60NEI
NEI,1983,1,17,12,41,29.7,38.026,20.228,14.3,6.10Mb,NEI,,,6.10NEI
NEI,1983,3,19,21,41,42.88,35.081,25.35,65,5.70Mb,NEI,,,5.70NEI
NEI,1983,5,28,11,35,51.92,32.594,48.581,18,5.60Mb,NEI,,,5.60NEI
NEI,1983,7,5,12,1,27.38,40.324,27.222,10,5.70Mb,NEI,,,5.70NEI
NEI,1983,7,22,2,41,0.88,36.948,49.18,41.3,5.60Mb,NEI,,,5.60NEI
NEI,1983,8,6,15,43,51.24,40.142,24.766,2.4,6.20Mb,NEI,,,6.20NEI
NEI,1983,9,27,23,59,38.45,36.688,26.912,158.6,5.50Mb,NEI,,,5.50NEI
NEI,1983,10,30,4,12,27.13,40.33,42.187,11.6,6.10Mb,NEI,,,6.10NEI
NEI,1984,6,21,10,43,42.12,35.36,23.238,39.1,5.80Mb,NEI,,,5.80NEI
NEI,1985,4,30,18,14,12.71,39.266,22.81,26.9,5.50Mb,NEI,,,5.50NEI
NEI,1985,9,27,16,39,48.75,34.506,26.599,61.4,5.60Mb,NEI,,,5.60NEI
NEI,1985,11,21,21,57,14.92,41.703,19.388,24.6,5.50Mb,NEI,,,5.50NEI
NEI,1986,5,5,3,35,38.83,37.993,37.806,9.6,5.90Mb,NEI,,,5.90NEI
NEI,1986,5,13,8,44,2.14,41.431,43.737,10,5.70Mb,NEI,,,5.70NEI
NEI,1986,9,13,17,24,31.49,37.014,22.176,11.2,6.00Mb,NEI,,,6.00NEI
NEI,1986,10,11,9,0,10.55,37.931,28.574,5,5.50Mb,NEI,,,5.50NEI
NEI,1988,10,16,12,34,5.66,37.938,20.932,25.2,5.50Mb,NEI,,,5.50NEI
NEI,1988,12,7,7,41,24.2,40.987,44.185,5.4,6.20Mb,NEI,,,6.20NEI
NEI,1990,6,16,2,16,21.12,39.258,20.528,31.7,5.60Mb,NEI,,,5.60NEI
NEI,1990,6,20,21,0,9.98,36.957,49.409,18.5,6.40Mb,NEI,,,6.40NEI
NEI,1990,12,21,6,57,42.99,41.004,22.3,13.3,5.80Mb,NEI,,,5.80NEI
NEI,1991,4,29,9,12,48.1,42.453,43.673,17.2,6.20Mb,NEI,,,6.20NEI
NEI,1991,11,28,17,19,55.53,36.924,49.603,15.7,5.60Mb,NEI,,,5.60NEI
NEI,1992,3,13,17,18,39.98,39.71,39.605,27.2,6.20Mb,NEI,,,6.20NEI
NEI,1992,4,30,11,44,38.95,35.059,26.655,20,5.70Mb,NEI,,,5.70NEI
NEI,1992,10,12,13,9,55.51,29.778,31.144,21.5,5.90Mb,NEI,,,5.90NEI
NEI,1992,10,23,23,19,45.2,42.589,45.104,16.4,6.10Mb,NEI,,,6.10NEI
NEI,1992,11,6,19,8,9.25,38.16,26.998,17.2,5.70Mb,NEI,,,5.70NEI
NEI,1992,11,18,21,10,41.49,38.307,22.452,14.5,5.90Mb,NEI,,,5.90NEI
NEI,1992,11,21,5,7,21.74,35.916,22.491,65,5.90Mb,NEI,,,5.90NEI
NEI,1993,8,3,12,43,5.36,28.729,34.553,10,5.90Mb,NEI,,,5.90NEI
NEI,1994,5,23,6,46,16.12,35.559,24.727,76,6.10un,NEI,,,6.10NEI
NEI,1994,9,1,16,12,40.75,41.183,21.196,14,5.80Mb,NEI,,,5.80NEI
NEI,1995,2,23,21,3,1.34,35.046,32.279,10,5.80Mb,NEI,,,5.80NEI
NEI,1995,5,13,8,47,12.73,40.149,21.695,14,6.60Ms,NEI,,,6.60NEI
NEI,1995,6,15,0,15,48.73,38.401,22.283,14.2,6.10Mb,NEI,,,6.10NEI
NEI,1995,10,1,15,57,16.2,38.063,30.134,33,6.40Mw,NEI,,,6.40NEI
NEI,1995,11,22,4,15,11.94,28.826,34.799,10,7.20Mw,NEI,,,7.20NEI
NEI,1995,12,5,18,49,30.46,39.44,40.153,14.9,5.80Mw,NEI,,,5.80NEI
NEI,1995,12,7,18,0,54.38,34.795,24.103,33,5.60Mw,NEI,,,5.60NEI
NEI,1996,4,26,7,1,27.52,36.366,28.042,74.6,5.50Mw,NEI,,,5.50NEI
NEI,1996,7,20,0,0,41.88,36.147,27.103,33,6.20Me,NEI,,,6.20NEI
NEI,1996,8,14,1,55,2.56,40.754,35.34,10,5.80Mw,NEI,,,5.80NEI
NEI,1996,10,9,13,10,52.13,34.556,32.126,33,6.80Mw,NEI,,,6.80NEI
NEI,1996,12,24,22,16,26.17,34.294,38.712,29.2,5.50Mw,NEI,,,5.50NEI
NEI,1997,1,22,17,57,18.7,36.25,35.951,10,5.70Mw,NEI,,,5.70NEI
NEI,1997,2,28,12,57,18.64,38.075,48.05,10,6.10Mw,NEI,,,6.10NEI
NEI,1997,7,27,10,7,52.55,35.582,21.064,33,5.80Mw,NEI,,,5.80NEI
NEI,1997,10,13,13,39,37.49,36.379,22.071,24,6.50Mw,NEI,,,6.50NEI
NEI,1997,11,5,21,10,28.68,38.438,22.284,23.8,5.60Mw,NEI,,,5.60NEI
NEI,1997,11,14,21,38,51.6,38.859,25.795,17.9,6.10Mw,NEI,,,6.10NEI
NEI,1997,11,18,13,7,41.73,37.57,20.656,33,6.60Me,NEI,,,6.60NEI
NEI,1998,1,10,19,21,56.51,37.264,20.793,33,5.50Mw,NEI,,,5.50NEI
NEI,1998,4,29,3,30,39.34,36.138,21.94,33,5.50Mw,NEI,,,5.50NEI
NEI,1998,5,28,18,33,28.1,31.401,27.667,10,5.50Mw,NEI,,,5.50NEI
NEI,1998,6,27,13,55,52.08,36.878,35.307,33,6.30Mw,NEI,,,6.30NEI
NEI,1998,7,9,14,19,18.41,38.717,48.507,26,6.00Me,NEI,,,6.00NEI
NEI,1998,8,5,14,27,0.33,33.208,46.251,33,5.60Mw,NEI,,,5.60NEI
NEI,1999,1,31,5,7,13.63,43.157,46.841,33,5.90Me,NEI,,,5.90NEI
NEI,1999,6,4,9,12,50.07,40.802,47.448,33,5.50Mw,NEI,,,5.50NEI
NEI,1999,8,17,0,1,39.13,40.748,29.864,17,7.60Mw,NEI,,,7.60NEI
NEI,1999,9,7,11,56,49.38,38.119,23.605,10,6.00Mw,NEI,,,6.00NEI
NEI,1999,10,5,0,53,28.97,36.73,28.24,33,5.60Mw,NEI,,,5.60NEI
NEI,1999,11,12,16,57,19.71,40.73,31.122,10,7.10Mw,NEI,,,7.10NEI
NEI,1999,12,3,17,6,54.55,40.341,42.307,14.4,5.80Mw,NEI,,,5.80NEI
Papaz.,-550,,,,,,36.9,22.4,,6.80M,Papaz.,,,6.80Papaz.
Papaz.,-550,,,,,,37.4,24.9,,6.00M,Papaz.,,,6.00Papaz.
Papaz.,-510,,,,,,39.3,22.4,,7.00M,Papaz.,,,7.00Papaz.
Papaz.,-496,,,,,,38.4,26.2,,6.20M,Papaz.,,,6.20Papaz.
Papaz.,-490,,,,,,37.7,23.2,,6.00M,Papaz.,,,6.00Papaz.
Papaz.,-489,,,,,,37.4,25.3,,6.00M,Papaz.,,,6.00Papaz.
Papaz.,-480,,,,,,37.9,23.3,,6.30M,Papaz.,,,6.30Papaz.
Papaz.,-479,,,,,,39.7,23.3,,7.00M,Papaz.,,,7.00Papaz.
Papaz.,-464,,,,,,36.9,22.5,,7.00M,Papaz.,,,7.00Papaz.
Papaz.,-431,,,,,,37.4,25.1,,6.00M,Papaz.,,,6.00Papaz.
Papaz.,-427,,,,,,38.5,23.1,,6.00M,Papaz.,,,6.00Papaz.
Papaz.,-426,,,,,,38.85,22.78,,7.00M,Papaz.,,,7.00Papaz.
Papaz.,-420,,,,,,38,22.8,,6.00M,Papaz.,,,6.00Papaz.
Papaz.,-414,,,,,,37.8,22.8,,6.00M,Papaz.,,,6.00Papaz.
Papaz.,-413,,,,,,37,22.4,,6.00M,Papaz.,,,6.00Papaz.
Papaz.,-412,,,,,,36.8,27.2,,6.80M,Papaz.,,,6.80Papaz.
Papaz.,-401,,,,,,37.7,21.4,,6.00M,Papaz.,,,6.00Papaz.
Papaz.,-388,,,,,,37.6,22.8,,6.20M,Papaz.,,,6.20Papaz.
Papaz.,-373,,,,,,37.5,25.2,,6.00M,Papaz.,,,6.00Papaz.
Papaz.,-373,,,,,,38.2,22.2,,6.80M,Papaz.,,,6.80Papaz.
Papaz.,-360,,,,,,40.1,26.2,,7.00M,Papaz.,,,7.00Papaz.
Papaz.,-347,,,,,,38.4,22.5,,6.00M,Papaz.,,,6.00Papaz.
Papaz.,-334,,,,,,37.9,30,,6.50M,Papaz.,,,6.50Papaz.
Papaz.,-303,,,,,,38,22.7,,6.60M,Papaz.,,,6.60Papaz.
Papaz.,-287,,,,,,40.5,26.7,,7.00M,Papaz.,,,7.00Papaz.
Papaz.,-279,,,,,,38.4,22.4,,6.80M,Papaz.,,,6.80Papaz.
Papaz.,-231,,,,,,39.2,26.3,,6.80M,Papaz.,,,6.80Papaz.
Papaz.,-227,,,,,,36.5,27.8,,7.50M,Papaz.,,,7.50Papaz.
Papaz.,-226,,,,,,38.8,22.7,,6.50M,Papaz.,,,6.50Papaz.
Papaz.,-200,,,,,,37.7,26.9,,6.30M,Papaz.,,,6.30Papaz.
Papaz.,-198,8,,,,,36.4,27.9,,7.50M,Papaz.,,,7.50Papaz.
Papaz.,-198,,,,,,38.4,23.7,,6.60M,Papaz.,,,6.60Papaz.
Papaz.,-198,,,,,,36.4,25.4,,6.00M,Papaz.,,,6.00Papaz.
Papaz.,-197,,,,,,40,25.4,,7.00M,Papaz.,,,7.00Papaz.
Papaz.,-90,,,,,,37.9,30,,6.60M,Papaz.,,,6.60Papaz.
Papaz.,-58,,,,,,41.5,19.4,,6.60M,Papaz.,,,6.60Papaz.
Papaz.,-50,,,,,,37.3,25.3,,6.00M,Papaz.,,,6.00Papaz.
Papaz.,-27,,,,,,37.8,28.1,,7.20M,Papaz.,,,7.20Papaz.
Papaz.,23,,,,,,38.3,22.1,,6.30M,Papaz.,,,6.30Papaz.
Papaz.,23,,,,,,37.2,30,,6.30M,Papaz.,,,6.30Papaz.
Papaz.,46,,,,,,36.4,25.4,,6.50M,Papaz.,,,6.50Papaz.
Papaz.,47,,,,,,37.84,27.16,,6.90M,Papaz.,,,6.90Papaz.
Papaz.,52,,,,,,40.9,24.2,,6.00M,Papaz.,,,6.00Papaz.
Papaz.,53,,,,,,37.9,29.9,,6.30M,Papaz.,,,6.30Papaz.
Papaz.,61,,,,,,38.2,22,,6.30M,Papaz.,,,6.30Papaz.
Papaz.,62,,,,,,34.8,25,,7.00M,Papaz.,,,7.00Papaz.
Papaz.,69,,,,,,40.8,29.9,,6.40M,Papaz.,,,6.40Papaz.
Papaz.,74,6,20,,,,37.9,22.9,,6.30M,Papaz.,,,6.30Papaz.
Papaz.,105,,,,,,38.9,27,,6.40M,Papaz.,,,6.40Papaz.
Papaz.,105,,,,,,38.8,23.1,,6.60M,Papaz.,,,6.60Papaz.
Papaz.,120,11,10,,,,40.7,29.1,,7.20M,Papaz.,,,7.20Papaz.
Papaz.,142,,,,,,36.3,28.6,,7.60M,Papaz.,,,7.60Papaz.
Papaz.,160,,,,,,40.1,27.4,,7.40M,Papaz.,,,7.40Papaz.
Papaz.,178,,,,,,38.3,27.1,,6.50M,Papaz.,,,6.50Papaz.
Papaz.,181,5,3,,,,40.8,30,,6.60M,Papaz.,,,6.60Papaz.
Papaz.,217,,,,,,40.5,19.5,,6.10M,Papaz.,,,6.10Papaz.
Papaz.,241,,,,,,37.7,28.9,,6.60M,Papaz.,,,6.60Papaz.
Papaz.,251,7,9,,,,35.6,25,,7.50M,Papaz.,,,7.50Papaz.
Papaz.,268,,,,,,40.7,29.9,,6.30M,Papaz.,,,6.30Papaz.
Papaz.,334,,,,,,41.3,19.5,,6.10M,Papaz.,,,6.10Papaz.
Papaz.,334,,,,,,36.9,27.4,,6.60M,Papaz.,,,6.60Papaz.
Papaz.,344,,,,,,36.3,28.3,,6.50M,Papaz.,,,6.50Papaz.
Papaz.,346,,,,,,41.4,19.4,,6.80M,Papaz.,,,6.80Papaz.
Papaz.,358,,,,,,40.1,20.1,,6.20M,Papaz.,,,6.20Papaz.
Papaz.,361,,,,,,38.4,22.6,,6.90M,Papaz.,,,6.90Papaz.
Papaz.,362,12,2,,,,40.7,29.8,,6.60M,Papaz.,,,6.60Papaz.
Papaz.,365,7,21,,,,35.2,23.4,,8.30M,Papaz.,,,8.30Papaz.
Papaz.,368,10,11,,,,40.5,29.6,,6.40M,Papaz.,,,6.40Papaz.
Papaz.,368,,,,,,39.2,27.6,,6.30M,Papaz.,,,6.30Papaz.
Papaz.,370,,,,,,38.1,28.9,,6.50M,Papaz.,,,6.50Papaz.
Papaz.,375,7,12,,,,35.6,24.8,,7.80M,Papaz.,,,7.80Papaz.
Papaz.,407,4,1,,,,41,29,,6.60M,Papaz.,,,6.60Papaz.
Papaz.,417,,,,,,37.2,29.9,,6.50M,Papaz.,,,6.50Papaz.
Papaz.,437,9,25,,,,41.1,29,,6.50M,Papaz.,,,6.50Papaz.
Papaz.,447,1,26,,,,40.9,28.5,,7.30M,Papaz.,,,7.30Papaz.
Papaz.,448,11,6,,,,34.8,24.8,,7.20M,Papaz.,,,7.20Papaz.
Papaz.,459,,,,,,36.7,27.3,,6.60M,Papaz.,,,6.60Papaz.
Papaz.,460,,,,,,40.4,27.9,,6.30M,Papaz.,,,6.30Papaz.
Papaz.,476,,,,,,36.4,28.3,,6.70M,Papaz.,,,6.70Papaz.
Papaz.,477,9,25,,,,40.8,29.2,,7.20M,Papaz.,,,7.20Papaz.
Papaz.,478,,,,,,40.3,26.6,,7.00M,Papaz.,,,7.00Papaz.
Papaz.,494,,,,,,38,29,,6.60M,Papaz.,,,6.60Papaz.
Papaz.,506,,,,,,41.3,19.6,,6.30M,Papaz.,,,6.30Papaz.
Papaz.,515,,,,,,36.4,28.2,,6.40M,Papaz.,,,6.40Papaz.
Papaz.,518,,,,,,41.9,21.1,,7.00M,Papaz.,,,7.00Papaz.
Papaz.,521,,,,,,41.2,19.6,,6.30M,Papaz.,,,6.30Papaz.
Papaz.,521,,,,,,38,22.9,,6.30M,Papaz.,,,6.30Papaz.
Papaz.,530,,,,,,36.2,30,,6.50M,Papaz.,,,6.50Papaz.
Papaz.,543,,,,,,38,22.8,,6.20M,Papaz.,,,6.20Papaz.
Papaz.,551,,,,,,38.4,22.7,,7.00M,Papaz.,,,7.00Papaz.
Papaz.,552,,,,,,41,20.8,,6.60M,Papaz.,,,6.60Papaz.
Papaz.,554,8,15,,,,40.9,29.4,,7.00M,Papaz.,,,7.00Papaz.
Papaz.,556,8,,,,,36.8,27.3,,7.00M,Papaz.,,,7.00Papaz.
Papaz.,557,12,14,,,,40.9,28.8,,7.00M,Papaz.,,,7.00Papaz.
Papaz.,580,,,,,,38,22.8,,6.30M,Papaz.,,,6.30Papaz.
Papaz.,597,,,,,,40.9,24.3,,6.80M,Papaz.,,,6.80Papaz.
Papaz.,620,,,,,,40.7,23.5,,7.00M,Papaz.,,,7.00Papaz.
Papaz.,667,,,,,,40.7,23.2,,6.50M,Papaz.,,,6.50Papaz.
Papaz.,700,,,,,,40.7,23.1,,6.60M,Papaz.,,,6.60Papaz.
Papaz.,740,10,26,,,,41,28.7,,7.60M,Papaz.,,,7.60Papaz.
Papaz.,780,3,17,,,,41,28.9,,6.70M,Papaz.,,,6.70Papaz.
Papaz.,862,5,28,,,,41,29.2,,6.80M,Papaz.,,,6.80Papaz.
Papaz.,869,1,9,,,,40.9,29.2,,7.00M,Papaz.,,,7.00Papaz.
Papaz.,896,,2,,,,40.5,22.2,,6.00M,Papaz.,,,6.00Papaz.
Papaz.,926,,,,,,41,27.5,,6.60M,Papaz.,,,6.60Papaz.
Papaz.,968,12,22,,,,39.3,20.3,,6.50M,Papaz.,,,6.50Papaz.
Papaz.,989,10,26,,,,41,28.6,,7.30M,Papaz.,,,7.30Papaz.
Papaz.,996,,,,,,38.3,22.4,,6.80M,Papaz.,,,6.80Papaz.
Papaz.,1010,,,,,,40.6,27,,7.40M,Papaz.,,,7.40Papaz.
Papaz.,1038,11,2,,,,41,28.7,,6.70M,Papaz.,,,6.70Papaz.
Papaz.,1039,2,2,,,,38.4,27.3,,6.80M,Papaz.,,,6.80Papaz.
Papaz.,1063,9,23,,,,41.1,28.4,,7.50M,Papaz.,,,7.50Papaz.
Papaz.,1087,12,6,,,,41,28.8,,6.70M,Papaz.,,,6.70Papaz.
Papaz.,1153,,,,,,39.8,20.1,,6.00M,Papaz.,,,6.00Papaz.
Papaz.,1211,,,,,,40.4,22.1,,6.50M,Papaz.,,,6.50Papaz.
Papaz.,1231,3,11,,,,41,28.6,,6.90M,Papaz.,,,6.90Papaz.
Papaz.,1246,,,,,,35.1,24,,7.00M,Papaz.,,,7.00Papaz.
Papaz.,1265,8,11,,,,40.7,27.4,,6.60M,Papaz.,,,6.60Papaz.
Papaz.,1273,3,,,,,41.1,19.4,,6.80M,Papaz.,,,6.80Papaz.
Papaz.,1296,6,1,,,,40.9,29.2,,6.80M,Papaz.,,,6.80Papaz.
Papaz.,1296,7,17,,,,39.1,27.3,,6.80M,Papaz.,,,6.80Papaz.
Papaz.,1303,8,8,,,,36.1,29,,8.00M,Papaz.,,,8.00Papaz.
Papaz.,1321,,,,,,38.3,23.3,,6.30M,Papaz.,,,6.30Papaz.
Papaz.,1323,,,,,,41,29.1,,6.50M,Papaz.,,,6.50Papaz.
Papaz.,1327,5,12,,,,40.1,28.2,,6.00M,Papaz.,,,6.00Papaz.
Papaz.,1331,2,12,,,,40.9,28.9,,6.80M,Papaz.,,,6.80Papaz.
Papaz.,1343,10,18,,,,40.8,28.3,,7.50M,Papaz.,,,7.50Papaz.
Papaz.,1354,3,1,,,,40.7,27,,7.30M,Papaz.,,,7.30Papaz.
Papaz.,1366,6,1,,,,40.2,24.6,,6.60M,Papaz.,,,6.60Papaz.
Papaz.,1380,,,,,,41.3,20,,6.00M,Papaz.,,,6.00Papaz.
Papaz.,1383,8,6,,,,39.3,26.5,,6.80M,Papaz.,,,6.80Papaz.
Papaz.,1389,3,20,,,,38.4,26.3,,6.70M,Papaz.,,,6.70Papaz.
Papaz.,1395,10,,,,,40.9,22.2,,6.70M,Papaz.,,,6.70Papaz.
Papaz.,1402,6,,,,,38.11,22.41,,7.00M,Papaz.,,,7.00Papaz.
Papaz.,1402,7,28,,,,41.1,29,,6.50M,Papaz.,,,6.50Papaz.
Papaz.,1417,8,,,,,38.4,23.8,,6.40M,Papaz.,,,6.40Papaz.
Papaz.,1419,3,15,,,,40.1,29,,6.80M,Papaz.,,,6.80Papaz.
Papaz.,1419,5,25,,,,40.9,28.9,,6.60M,Papaz.,,,6.60Papaz.
Papaz.,1420,7,,,,,40.8,23.1,,6.00M,Papaz.,,,6.00Papaz.
Papaz.,1421,1,21,,,,37.5,22.9,,6.50M,Papaz.,,,6.50Papaz.
Papaz.,1430,2,26,,,,40.7,23.2,,6.00M,Papaz.,,,6.00Papaz.
Papaz.,1437,9,4,,,,40.2,28.2,,6.80M,Papaz.,,,6.80Papaz.
Papaz.,1444,7,,,,,38.7,21,,7.00M,Papaz.,,,7.00Papaz.
Papaz.,1456,5,12,,,,40.3,24.4,,6.00M,Papaz.,,,6.00Papaz.
Papaz.,1457,,,,,,37.3,23.5,,6.30M,Papaz.,,,6.30Papaz.
Papaz.,1469,,,,,,38.3,20.5,,7.20M,Papaz.,,,7.20Papaz.
Papaz.,1471,,,,,,40.1,24.9,,7.00M,Papaz.,,,7.00Papaz.
Papaz.,1481,4,23,,,,41,29,,6.50M,Papaz.,,,6.50Papaz.
Papaz.,1481,10,3,,,,36.4,28.6,,7.20M,Papaz.,,,7.20Papaz.
Papaz.,1493,8,18,,,,36.7,27.1,,6.80M,Papaz.,,,6.80Papaz.
Papaz.,1494,7,1,,,,34.9,24.2,,7.20M,Papaz.,,,7.20Papaz.
Papaz.,1508,,,,,,37.7,20.6,,6.50M,Papaz.,,,6.50Papaz.
Papaz.,1508,5,29,,,,35.05,25.7,,7.50M,Papaz.,,,7.50Papaz.
Papaz.,1509,9,10,,,,41.1,28.8,,7.40M,Papaz.,,,7.40Papaz.
Papaz.,1511,5,26,,,,40.2,24.7,,6.60M,Papaz.,,,6.60Papaz.
Papaz.,1514,4,16,,,,37.7,21,,6.50M,Papaz.,,,6.50Papaz.
Papaz.,1544,4,22,,,,38.8,22.3,,6.80M,Papaz.,,,6.80Papaz.
Papaz.,1546,,,,,,38.2,25.9,,6.30M,Papaz.,,,6.30Papaz.
Papaz.,1554,7,7,,,,37.8,21,,6.30M,Papaz.,,,6.30Papaz.
Papaz.,1556,5,10,,,,40.3,28,,7.00M,Papaz.,,,7.00Papaz.
Papaz.,1563,6,13,,,,42.4,18.8,,7.00M,Papaz.,,,7.00Papaz.
Papaz.,1564,8,12,,,,40.3,24.7,,6.00M,Papaz.,,,6.00Papaz.
Papaz.,1566,7,11,,,,39.2,21.6,,6.50M,Papaz.,,,6.50Papaz.
Papaz.,1572,4,12,,,,40.1,24.5,,6.40M,Papaz.,,,6.40Papaz.
Papaz.,1577,,,,,,39.9,27.9,,6.40M,Papaz.,,,6.40Papaz.
Papaz.,1580,,,,,,38.45,22.31,,6.80M,Papaz.,,,6.80Papaz.
Papaz.,1585,7,18,2,,,40.2,24.5,,7.00M,Papaz.,,,7.00Papaz.
Papaz.,1592,5,,,,,37.7,20.8,,6.60M,Papaz.,,,6.60Papaz.
Papaz.,1595,9,22,,,,38.5,28,,6.40M,Papaz.,,,6.40Papaz.
Papaz.,1595,11,26,,,,34.9,25.3,,6.80M,Papaz.,,,6.80Papaz.
Papaz.,1601,4,26,,,,40.5,19.5,,6.30M,Papaz.,,,6.30Papaz.
Papaz.,1604,,,,,,35.8,25.2,,7.00M,Papaz.,,,7.00Papaz.
Papaz.,1609,4,,,,,36.4,28.4,,7.20M,Papaz.,,,7.20Papaz.
Papaz.,1612,5,26,7,,,38.8,20.8,,6.50M,Papaz.,,,6.50Papaz.
Papaz.,1612,11,8,,,,35.5,25.2,,7.00M,Papaz.,,,7.00Papaz.
Papaz.,1613,10,12,,,,38.8,20.8,,6.40M,Papaz.,,,6.40Papaz.
Papaz.,1616,,,,,,36.4,28.3,,6.40M,Papaz.,,,6.40Papaz.
Papaz.,1621,3,6,,,,39.7,21.9,,6.00M,Papaz.,,,6.00Papaz.
Papaz.,1622,5,5,,,,37.7,21,,6.60M,Papaz.,,,6.60Papaz.
Papaz.,1625,5,18,,,,39.2,27.8,,7.00M,Papaz.,,,7.00Papaz.
Papaz.,1625,6,28,,,,38.8,20.7,,6.60M,Papaz.,,,6.60Papaz.
Papaz.,1629,3,9,9,,,35,23.7,,7.30M,Papaz.,,,7.30Papaz.
Papaz.,1630,7,2,,,,38.8,20.8,,6.70M,Papaz.,,,6.70Papaz.
Papaz.,1633,11,5,,,,37.7,20.8,,7.00M,Papaz.,,,7.00Papaz.
Papaz.,1636,2,27,,,,39.2,26.2,,6.20M,Papaz.,,,6.20Papaz.
Papaz.,1636,9,30,,,,38.1,20.3,,7.20M,Papaz.,,,7.20Papaz.
Papaz.,1639,7,28,,,,42.5,18.1,,6.80M,Papaz.,,,6.80Papaz.
Papaz.,1646,,,,,,37.8,28.4,,6.60M,Papaz.,,,6.60Papaz.
Papaz.,1646,1,15,,,,35.5,24.6,,6.00M,Papaz.,,,6.00Papaz.
Papaz.,1648,6,21,,,,41.1,29.1,,6.40M,Papaz.,,,6.40Papaz.
Papaz.,1650,,,,,,39.7,20,,6.00M,Papaz.,,,6.00Papaz.
Papaz.,1650,10,9,,,,36.5,25.5,,7.00M,Papaz.,,,7.00Papaz.
Papaz.,1651,6,8,,,,37.8,29.1,,6.70M,Papaz.,,,6.70Papaz.
Papaz.,1654,5,20,,,,38.5,27.1,,6.40M,Papaz.,,,6.40Papaz.
Papaz.,1658,8,24,,,,38.2,20.4,,7.00M,Papaz.,,,7.00Papaz.
Papaz.,1659,2,17,,,,41,27.8,,7.40M,Papaz.,,,7.40Papaz.
Papaz.,1660,3,,,,,38.3,22.4,,6.40M,Papaz.,,,6.40Papaz.
Papaz.,1661,3,31,,,,39.6,22.2,,6.20M,Papaz.,,,6.20Papaz.
Papaz.,1662,3,16,,,,37.7,20.9,,6.30M,Papaz.,,,6.30Papaz.
Papaz.,1664,,,,,,37.9,21,,6.60M,Papaz.,,,6.60Papaz.
Papaz.,1665,1,,,,,35.9,25,,7.00M,Papaz.,,,7.00Papaz.
Papaz.,1665,10,31,,,,39.6,21.6,,6.00M,Papaz.,,,6.00Papaz.
Papaz.,1666,11,,,,,39.6,19.8,,6.20M,Papaz.,,,6.20Papaz.
Papaz.,1667,4,6,7,,,42.6,18.1,,7.20M,Papaz.,,,7.20Papaz.
Papaz.,1668,,,,,,38.4,20.4,,6.00M,Papaz.,,,6.00Papaz.
Papaz.,1668,8,,,,,39.7,22.3,,6.00M,Papaz.,,,6.00Papaz.
Papaz.,1669,10,26,,,,40.2,25,,7.00M,Papaz.,,,7.00Papaz.
Papaz.,1672,2,14,,,,39.9,26,,7.00M,Papaz.,,,7.00Papaz.
Papaz.,1673,5,7,,,,36,25.4,,7.00M,Papaz.,,,7.00Papaz.
Papaz.,1674,1,1,,,,39.5,20,,6.50M,Papaz.,,,6.50Papaz.
Papaz.,1674,1,23,,,,38.4,26.3,,6.20M,Papaz.,,,6.20Papaz.
Papaz.,1674,1,26,,,,39.6,21.7,,6.00M,Papaz.,,,6.00Papaz.
Papaz.,1676,4,23,,,,37.6,20.7,,6.50M,Papaz.,,,6.50Papaz.
Papaz.,1677,,,,,,40.5,23,,6.20M,Papaz.,,,6.20Papaz.
Papaz.,1680,2,14,,,,38.4,27.2,,6.20M,Papaz.,,,6.20Papaz.
Papaz.,1681,1,10,,,,35.4,25.2,,6.30M,Papaz.,,,6.30Papaz.
Papaz.,1684,,,,,,38.3,26.2,,6.00M,Papaz.,,,6.00Papaz.
Papaz.,1688,9,10,,,,40,27.8,,6.60M,Papaz.,,,6.60Papaz.
Papaz.,1690,1,13,,,,38.6,27.4,,6.40M,Papaz.,,,6.40Papaz.
Papaz.,1690,7,11,,,,40.9,29,,6.30M,Papaz.,,,6.30Papaz.
Papaz.,1696,9,,,,,37.6,20.6,,6.50M,Papaz.,,,6.50Papaz.
Papaz.,1701,4,5,,,,40.3,20,,6.40M,Papaz.,,,6.40Papaz.
Papaz.,1702,2,25,,,,37.7,29.1,,7.00M,Papaz.,,,7.00Papaz.
Papaz.,1704,11,22,,,,38.8,20.7,,6.30M,Papaz.,,,6.30Papaz.
Papaz.,1705,9,3,,,,38.3,24,,6.40M,Papaz.,,,6.40Papaz.
Papaz.,1707,6,1,,,,40.2,26.4,,6.80M,Papaz.,,,6.80Papaz.
Papaz.,1707,7,11,,,,37.7,20.8,,6.20M,Papaz.,,,6.20Papaz.
Papaz.,1707,9,2,21,34,,36.4,25.4,,6.00M,Papaz.,,,6.00Papaz.
Papaz.,1710,5,17,,,,37.7,20.7,,6.40M,Papaz.,,,6.40Papaz.
Papaz.,1714,7,27,,,,38.2,21.7,,6.30M,Papaz.,,,6.30Papaz.
Papaz.,1714,8,28,,,,38.1,20.5,,6.40M,Papaz.,,,6.40Papaz.
Papaz.,1717,,,,,,35,24.9,,6.70M,Papaz.,,,6.70Papaz.
Papaz.,1717,11,19,,,,37.7,29.2,,6.60M,Papaz.,,,6.60Papaz.
Papaz.,1719,5,25,,,,40.66,29.58,,7.00M,Papaz.,,,7.00Papaz.
Papaz.,1719,7,23,,,,40.4,26,,6.70M,Papaz.,,,6.70Papaz.
Papaz.,1720,,,,,,40.1,21.8,,6.50M,Papaz.,,,6.50Papaz.
Papaz.,1722,6,5,,,,38.7,20.6,,6.40M,Papaz.,,,6.40Papaz.
Papaz.,1723,2,22,2,,,38.6,20.65,,6.70M,Papaz.,,,6.70Papaz.
Papaz.,1723,9,,,,,38.4,27,,6.40M,Papaz.,,,6.40Papaz.
Papaz.,1729,7,9,2,,,37.8,20.7,,6.40M,Papaz.,,,6.40Papaz.
Papaz.,1730,6,10,,,,40.4,26.1,,6.50M,Papaz.,,,6.50Papaz.
Papaz.,1731,,,,,,39.7,22.3,,6.00M,Papaz.,,,6.00Papaz.
Papaz.,1732,11,,,,,39.5,20.1,,6.50M,Papaz.,,,6.50Papaz.
Papaz.,1733,12,23,15,,,37.1,24.8,,6.50M,Papaz.,,,6.50Papaz.
Papaz.,1735,,,,,,36.8,24.5,,6.50M,Papaz.,,,6.50Papaz.
Papaz.,1735,9,1,,,,39.6,21.9,,6.30M,Papaz.,,,6.30Papaz.
Papaz.,1737,3,6,,,,39.8,26.6,,7.20M,Papaz.,,,7.20Papaz.
Papaz.,1738,12,23,10,,,38.5,26.3,,6.00M,Papaz.,,,6.00Papaz.
Papaz.,1739,4,4,,,,38.5,26.9,,6.80M,Papaz.,,,6.80Papaz.
Papaz.,1740,1,,,,,39.7,20.8,,6.20M,Papaz.,,,6.20Papaz.
Papaz.,1740,10,4,,,,38.8,22.6,,6.60M,Papaz.,,,6.60Papaz.
Papaz.,1741,1,31,1,15,,36.2,28.5,,7.30M,Papaz.,,,7.30Papaz.
Papaz.,1742,2,20,,,,38.1,22.5,,6.00M,Papaz.,,,6.00Papaz.
Papaz.,1742,2,25,,,,37.8,20.8,,6.40M,Papaz.,,,6.40Papaz.
Papaz.,1743,2,12,,,,39.3,22.6,,6.60M,Papaz.,,,6.60Papaz.
Papaz.,1743,2,20,,,,39.2,20.2,,6.80M,Papaz.,,,6.80Papaz.
Papaz.,1745,6,,,,,39.7,19.9,,6.50M,Papaz.,,,6.50Papaz.
Papaz.,1748,5,14,15,,,38.2,22.2,,6.60M,Papaz.,,,6.60Papaz.
Papaz.,1750,6,7,,,,36.3,22.8,,7.20M,Papaz.,,,7.20Papaz.
Papaz.,1750,10,,,,,42.1,24.8,,6.60M,Papaz.,,,6.60Papaz.
Papaz.,1751,6,18,,,,37.8,27.1,,6.40M,Papaz.,,,6.40Papaz.
Papaz.,1752,6,,,,,37.7,20.7,,6.20M,Papaz.,,,6.20Papaz.
Papaz.,1752,7,29,,,,41.41,26.61,,7.50M,Papaz.,,,7.50Papaz.
Papaz.,1753,3,6,,,,38.1,22.5,,6.20M,Papaz.,,,6.20Papaz.
Papaz.,1754,9,2,,,,40.6,30,,7.20M,Papaz.,,,7.20Papaz.
Papaz.,1755,2,24,,,,39.5,25.6,,7.00M,Papaz.,,,7.00Papaz.
Papaz.,1756,2,13,,,,36.3,27.5,,7.70M,Papaz.,,,7.70Papaz.
Papaz.,1756,10,20,,,,37.8,22.7,,7.00M,Papaz.,,,7.00Papaz.
Papaz.,1756,11,26,,,,40.5,26.4,,6.70M,Papaz.,,,6.70Papaz.
Papaz.,1758,5,,,,,38.9,22.9,,6.60M,Papaz.,,,6.60Papaz.
Papaz.,1759,6,13,,,,38.2,20.5,,6.30M,Papaz.,,,6.30Papaz.
Papaz.,1759,6,22,,,,40.6,22.8,,6.50M,Papaz.,,,6.50Papaz.
Papaz.,1765,11,15,,,,40.2,25.2,,6.70M,Papaz.,,,6.70Papaz.
Papaz.,1766,5,22,,,,40.8,29.1,,7.30M,Papaz.,,,7.30Papaz.
Papaz.,1766,7,24,,,,38.1,20.4,,7.00M,Papaz.,,,7.00Papaz.
Papaz.,1766,8,5,,,,40.74,27.11,,7.60M,Papaz.,,,7.60Papaz.
Papaz.,1766,11,9,,,,39.8,22.2,,6.30M,Papaz.,,,6.30Papaz.
Papaz.,1767,7,11,,,,38.3,20.4,,7.20M,Papaz.,,,7.20Papaz.
Papaz.,1769,10,12,18,,,38.8,20.6,,6.70M,Papaz.,,,6.70Papaz.
Papaz.,1772,11,24,,,,38.8,26.7,,6.40M,Papaz.,,,6.40Papaz.
Papaz.,1773,3,15,8,,,39.3,22.7,,6.40M,Papaz.,,,6.40Papaz.
Papaz.,1773,5,,,,,39.5,20,,6.30M,Papaz.,,,6.30Papaz.
Papaz.,1776,12,5,,,,40.3,24.5,,6.70M,Papaz.,,,6.70Papaz.
Papaz.,1778,7,3,,,,38.4,26.8,,6.40M,Papaz.,,,6.40Papaz.
Papaz.,1779,2,3,3,,,40.1,24.2,,6.00M,Papaz.,,,6.00Papaz.
Papaz.,1780,10,,,,,34.9,25.8,,7.00M,Papaz.,,,7.00Papaz.
Papaz.,1781,9,8,,,,39.6,21.8,,6.00M,Papaz.,,,6.00Papaz.
Papaz.,1783,3,23,5,,,38.71,20.61,,6.70M,Papaz.,,,6.70Papaz.
Papaz.,1784,11,6,,,,41.1,25.3,,6.70M,Papaz.,,,6.70Papaz.
Papaz.,1785,1,30,4,,,38.2,21.7,,6.40M,Papaz.,,,6.40Papaz.
Papaz.,1785,6,13,,,,38.3,23.6,,6.00M,Papaz.,,,6.00Papaz.
Papaz.,1786,2,5,,,,39.2,20.3,,7.00M,Papaz.,,,7.00Papaz.
Papaz.,1787,6,19,3,,,39.6,21.8,,6.00M,Papaz.,,,6.00Papaz.
Papaz.,1791,11,2,,,,37.8,21,,6.80M,Papaz.,,,6.80Papaz.
Papaz.,1794,6,11,,,,38.3,22.4,,6.70M,Papaz.,,,6.70Papaz.
Papaz.,1794,8,5,,,,40.1,29.7,,7.00M,Papaz.,,,7.00Papaz.
Papaz.,1795,,,,,,36,23,,7.00M,Papaz.,,,7.00Papaz.
Papaz.,1797,3,,,,,40.3,24.8,,6.60M,Papaz.,,,6.60Papaz.
Papaz.,1804,6,8,,,,38.2,21.7,,6.40M,Papaz.,,,6.40Papaz.
Papaz.,1805,7,3,4,,,35.1,23.9,,7.20M,Papaz.,,,7.20Papaz.
Papaz.,1805,9,17,,,,38,24,,6.00M,Papaz.,,,6.00Papaz.
Papaz.,1806,1,23,,,,38.2,21.8,,6.20M,Papaz.,,,6.20Papaz.
Papaz.,1809,5,4,,,,39.6,20.3,,6.30M,Papaz.,,,6.30Papaz.
Papaz.,1810,2,16,21,15,,35.5,25.6,,7.80M,Papaz.,,,7.80Papaz.
Papaz.,1811,6,15,,,,37.6,20.9,,6.80M,Papaz.,,,6.80Papaz.
Papaz.,1812,5,29,,,,40.5,21.3,,6.50M,Papaz.,,,6.50Papaz.
Papaz.,1813,12,10,13,,,39.58,20.65,,6.20M,Papaz.,,,6.20Papaz.
Papaz.,1815,,,,,,38.8,20.7,,6.30M,Papaz.,,,6.30Papaz.
Papaz.,1815,12,,,,,34.9,25.9,,6.80M,Papaz.,,,6.80Papaz.
Papaz.,1817,8,23,8,,,38.3,22.1,,6.60M,Papaz.,,,6.60Papaz.
Papaz.,1818,4,25,,,,42.8,23.3,,6.50M,Papaz.,,,6.50Papaz.
Papaz.,1820,2,21,,,,38.8,20.6,,6.40M,Papaz.,,,6.40Papaz.
Papaz.,1820,3,,,,,38.4,26.2,,6.00M,Papaz.,,,6.00Papaz.
Papaz.,1820,12,29,3,45,,37.7,21.1,,6.90M,Papaz.,,,6.90Papaz.
Papaz.,1823,6,19,,,,39.5,20.3,,6.30M,Papaz.,,,6.30Papaz.
Papaz.,1825,1,19,,,,38.7,20.6,,6.50M,Papaz.,,,6.50Papaz.
Papaz.,1826,1,26,,,,39,20.6,,6.20M,Papaz.,,,6.20Papaz.
Papaz.,1829,5,5,9,,,41.1,24.5,,7.30M,Papaz.,,,7.30Papaz.
Papaz.,1831,4,3,,,,37.7,26.8,,6.00M,Papaz.,,,6.00Papaz.
Papaz.,1833,1,19,,,,40.5,19.4,,6.50M,Papaz.,,,6.50Papaz.
Papaz.,1833,6,10,,,,39.4,21.3,,6.00M,Papaz.,,,6.00Papaz.
Papaz.,1837,3,20,9,45,,37.43,23.35,,6.30M,Papaz.,,,6.30Papaz.
Papaz.,1840,10,30,9,29,,37.9,20.9,,6.50M,Papaz.,,,6.50Papaz.
Papaz.,1842,4,18,,,,36.7,22.3,,6.70M,Papaz.,,,6.70Papaz.
Papaz.,1843,9,5,,,,41.2,20.1,,6.00M,Papaz.,,,6.00Papaz.
Papaz.,1843,10,18,,,,36.3,27.7,,6.40M,Papaz.,,,6.40Papaz.
Papaz.,1845,6,23,,,,38.6,27.5,,6.70M,Papaz.,,,6.70Papaz.
Papaz.,1845,10,11,2,,,39.1,26.3,,6.70M,Papaz.,,,6.70Papaz.
Papaz.,1846,3,28,17,,,35.8,25,90,7.70M,Papaz.,,,7.70Papaz.
Papaz.,1846,6,11,2,,,37.15,22,,6.60M,Papaz.,,,6.60Papaz.
Papaz.,1846,6,13,,,,37.6,27,,6.00M,Papaz.,,,6.00Papaz.
Papaz.,1851,2,28,15,,,36.5,29,,7.10M,Papaz.,,,7.10Papaz.
Papaz.,1851,10,12,7,,,40.7,19.4,,6.80M,Papaz.,,,6.80Papaz.
Papaz.,1853,8,18,8,30,,38.4,23.4,,6.60M,Papaz.,,,6.60Papaz.
Papaz.,1854,7,30,1,30,,39.8,20.2,,6.50M,Papaz.,,,6.50Papaz.
Papaz.,1855,2,28,3,,,40.2,29.1,,7.40M,Papaz.,,,7.40Papaz.
Papaz.,1855,4,11,,,,40.2,29.2,,7.00M,Papaz.,,,7.00Papaz.
Papaz.,1855,7,3,,,,41.9,19.6,,6.50M,Papaz.,,,6.50Papaz.
Papaz.,1856,10,12,2,45,,35.6,26,,8.20M,Papaz.,,,8.20Papaz.
Papaz.,1856,11,13,,,,38.4,26.1,,6.30M,Papaz.,,,6.30Papaz.
Papaz.,1858,2,21,9,,,37.87,22.88,,6.50M,Papaz.,,,6.50Papaz.
Papaz.,1858,4,5,,,,39.7,20.7,,6.00M,Papaz.,,,6.00Papaz.
Papaz.,1858,9,20,,,,40,20.1,,6.30M,Papaz.,,,6.30Papaz.
Papaz.,1858,9,30,,,,42.8,23.5,,6.60M,Papaz.,,,6.60Papaz.
Papaz.,1858,10,10,9,30,,40.14,19.78,,6.30M,Papaz.,,,6.30Papaz.
Papaz.,1859,8,21,2,,,40.1,26,,6.90M,Papaz.,,,6.90Papaz.
Papaz.,1860,4,10,,,,40.2,20.1,,6.50M,Papaz.,,,6.50Papaz.
Papaz.,1860,6,7,,,,40.2,29.1,,6.20M,Papaz.,,,6.20Papaz.
Papaz.,1860,8,6,,,,40.5,25.8,,6.20M,Papaz.,,,6.20Papaz.
Papaz.,1861,12,26,6,30,,38.25,22.16,,6.70M,Papaz.,,,6.70Papaz.
Papaz.,1862,3,14,,,,38.3,20.4,,6.50M,Papaz.,,,6.50Papaz.
Papaz.,1862,3,24,,,,36.4,27.4,,6.30M,Papaz.,,,6.30Papaz.
Papaz.,1862,6,21,5,30,,36.9,24.4,150,7.00M,Papaz.,,,7.00Papaz.
Papaz.,1862,10,4,5,,,40.5,19.6,,6.10M,Papaz.,,,6.10Papaz.
Papaz.,1862,11,3,3,,,38.5,27.9,,6.90M,Papaz.,,,6.90Papaz.
Papaz.,1863,4,22,21,30,,36.4,27.6,90,7.80M,Papaz.,,,7.80Papaz.
Papaz.,1863,8,16,,,,38.3,26.1,,6.20M,Papaz.,,,6.20Papaz.
Papaz.,1863,11,6,,,,40.5,29.1,,6.40M,Papaz.,,,6.40Papaz.
Papaz.,1864,6,14,,,,40.3,25.1,,7.00M,Papaz.,,,7.00Papaz.
Papaz.,1864,10,2,,,,36.1,29.5,,6.00M,Papaz.,,,6.00Papaz.
Papaz.,1864,10,21,,,,39.4,23.3,,6.00M,Papaz.,,,6.00Papaz.
Papaz.,1865,2,23,,,,40.2,26.2,,6.20M,Papaz.,,,6.20Papaz.
Papaz.,1865,7,23,21,30,,39.4,26.2,,6.60M,Papaz.,,,6.60Papaz.
Papaz.,1865,10,10,,,,40.8,20,,6.00M,Papaz.,,,6.00Papaz.
Papaz.,1865,10,11,,,,37.7,27,,6.00M,Papaz.,,,6.00Papaz.
Papaz.,1865,11,11,,,,38.3,26.2,,6.10M,Papaz.,,,6.10Papaz.
Papaz.,1866,1,2,10,,,40.4,19.6,,6.60M,Papaz.,,,6.60Papaz.
Papaz.,1866,1,31,,,,36.4,25.4,,6.10M,Papaz.,,,6.10Papaz.
Papaz.,1866,2,2,,,,38.4,26,,6.40M,Papaz.,,,6.40Papaz.
Papaz.,1866,2,6,,,,36,23,,6.80M,Papaz.,,,6.80Papaz.
Papaz.,1866,12,4,,,,40.1,20.1,,6.30M,Papaz.,,,6.30Papaz.
Papaz.,1866,12,6,16,,,42,23,,6.70M,Papaz.,,,6.70Papaz.
Papaz.,1867,1,27,,,,39.6,20.8,,6.20M,Papaz.,,,6.20Papaz.
Papaz.,1867,2,4,4,19,,38.39,20.52,,7.40M,Papaz.,,,7.40Papaz.
Papaz.,1867,3,7,18,,,39.25,26.21,,6.80M,Papaz.,,,6.80Papaz.
Papaz.,1867,3,29,,,,41.2,24.2,,6.00M,Papaz.,,,6.00Papaz.
Papaz.,1867,9,20,,,,36.73,22.45,,6.80M,Papaz.,,,6.80Papaz.
Papaz.,1868,5,3,,,,37.6,26.9,,6.00M,Papaz.,,,6.00Papaz.
Papaz.,1868,10,3,,,,39.2,23.4,,6.30M,Papaz.,,,6.30Papaz.
Papaz.,1869,4,18,,,,36.5,27.6,,6.90M,Papaz.,,,6.90Papaz.
Papaz.,1869,8,14,,,,40.3,19.7,,6.00M,Papaz.,,,6.00Papaz.
Papaz.,1869,9,1,,,,41.2,19.5,,6.20M,Papaz.,,,6.20Papaz.
Papaz.,1869,12,1,18,,,36.98,28.32,,6.80M,Papaz.,,,6.80Papaz.
Papaz.,1869,12,28,,,,38.85,20.8,,6.40M,Papaz.,,,6.40Papaz.
Papaz.,1870,2,22,,,,36.4,28.8,,7.00M,Papaz.,,,7.00Papaz.
Papaz.,1870,8,1,0,41,,38.48,22.55,,6.80M,Papaz.,,,6.80Papaz.
Papaz.,1870,9,28,,,,41.3,19.6,,6.70M,Papaz.,,,6.70Papaz.
Papaz.,1871,4,9,,,,39.6,20.1,,6.00M,Papaz.,,,6.00Papaz.
Papaz.,1872,2,11,20,,,39.7,20.2,,6.10M,Papaz.,,,6.10Papaz.
Papaz.,1873,1,31,,,,37.8,27.1,,6.50M,Papaz.,,,6.50Papaz.
Papaz.,1873,7,25,,,,37.7,23.2,,6.00M,Papaz.,,,6.00Papaz.
Papaz.,1873,10,25,,,,37.9,21,,6.60M,Papaz.,,,6.60Papaz.
Papaz.,1874,3,18,5,,,38.5,23.75,,6.00M,Papaz.,,,6.00Papaz.
Papaz.,1874,11,16,,,,36.5,27.9,,7.00M,Papaz.,,,7.00Papaz.
Papaz.,1875,7,5,,,,37.7,26.9,,6.00M,Papaz.,,,6.00Papaz.
Papaz.,1876,6,26,,,,37.8,22.8,,6.10M,Papaz.,,,6.10Papaz.
Papaz.,1877,10,14,,,,37.7,27,,6.00M,Papaz.,,,6.00Papaz.
Papaz.,1878,4,19,,,,40.7,29.7,,6.60M,Papaz.,,,6.60Papaz.
Papaz.,1880,7,29,4,40,,38.5,27.2,,6.70M,Papaz.,,,6.70Papaz.
Papaz.,1881,4,3,11,40,,38.3,26.2,,6.50M,Papaz.,,,6.50Papaz.
Papaz.,1883,10,15,15,30,,38.3,26.6,,6.80M,Papaz.,,,6.80Papaz.
Papaz.,1885,3,28,,,,37.15,21.9,,6.00M,Papaz.,,,6.00Papaz.
Papaz.,1886,8,27,21,32,,37.1,21.5,,7.50M,Papaz.,,,7.50Papaz.
Papaz.,1887,5,14,5,30,,40.2,25.2,,7.00M,Papaz.,,,7.00Papaz.
Papaz.,1887,7,17,7,,,35.7,26,100,7.50M,Papaz.,,,7.50Papaz.
Papaz.,1887,10,3,22,53,,38.05,22.65,,6.50M,Papaz.,,,6.50Papaz.
Papaz.,1888,9,9,,,,38.23,22.11,,6.30M,Papaz.,,,6.30Papaz.
Papaz.,1889,8,25,,,,38.4,22,80,7.00M,Papaz.,,,7.00Papaz.
Papaz.,1889,10,25,22,56,,39.2,25.9,,6.80M,Papaz.,,,6.80Papaz.
Papaz.,1890,5,26,,,,38.5,25.5,,6.20M,Papaz.,,,6.20Papaz.
Papaz.,1890,12,14,,,,37.9,27.1,,6.20M,Papaz.,,,6.20Papaz.
Papaz.,1891,5,11,,,,37.5,24.5,,6.40M,Papaz.,,,6.40Papaz.
Papaz.,1891,6,27,,,,39,20.7,,6.00M,Papaz.,,,6.00Papaz.
Papaz.,1893,2,9,18,,,40.59,25.53,,6.80M,Papaz.,,,6.80Papaz.
Papaz.,1893,3,12,,,,37.9,26.9,,6.60M,Papaz.,,,6.60Papaz.
Papaz.,1893,4,17,,,,37.68,20.81,,6.50M,Papaz.,,,6.50Papaz.
Papaz.,1893,5,23,22,2,,38.31,23.25,,6.30M,Papaz.,,,6.30Papaz.
Papaz.,1893,6,14,,,,40.1,19.7,,6.60M,Papaz.,,,6.60Papaz.
Papaz.,1894,4,27,19,21,,38.66,23.04,,7.20M,Papaz.,,,7.20Papaz.
Papaz.,1895,5,13,,,,40.2,19.7,,6.40M,Papaz.,,,6.40Papaz.
Papaz.,1895,5,14,,,,39.42,20.61,,6.30M,Papaz.,,,6.30Papaz.
Papaz.,1896,9,28,,,,41.1,20.7,,6.10M,Papaz.,,,6.10Papaz.
Papaz.,1896,10,27,,,,36.4,27.9,,6.40M,Papaz.,,,6.40Papaz.
Papaz.,1897,1,17,,,,39.9,20.1,,6.20M,Papaz.,,,6.20Papaz.
Papaz.,1897,5,28,22,35,,37.5,22.5,90,7.50M,Papaz.,,,7.50Papaz.
Papaz.,1898,6,2,21,40,,37.6,22.5,90,7.00M,Papaz.,,,7.00Papaz.
Papaz.,1898,7,31,5,40,,39.65,20.81,,6.30M,Papaz.,,,6.30Papaz.
Papaz.,1899,1,22,9,56,,37.2,21.6,,6.50M,Papaz.,,,6.50Papaz.
Papaz.,1899,9,20,2,22,,37.82,28.25,,7.00M,Papaz.,,,7.00Papaz.
Papaz.,1904,4,4,10,25,55,41.8,23,,7.70M,Papaz.,,,7.70Papaz.
Papaz.,1904,8,11,6,8,30,37.66,26.93,,6.80M,Papaz.,,,6.80Papaz.
Papaz.,1905,,1,20,,,39.67,22.83,,6.20M,Papaz.,,,6.20Papaz.
Papaz.,1905,6,1,4,42,15,42.05,19.5,,6.60M,Papaz.,,,6.60Papaz.
Papaz.,1909,5,30,6,14,30,38.44,22.14,,6.20M,Papaz.,,,6.20Papaz.
Papaz.,1910,2,18,5,9,18,35.7,23.8,90,7.00M,Papaz.,,,7.00Papaz.
Papaz.,1911,2,18,21,35,12,40.9,20.8,,6.70M,Papaz.,,,6.70Papaz.
Papaz.,1911,4,30,20,42,30,36,30,180,6.10M,Papaz.,,,6.10Papaz.
Papaz.,1911,10,22,22,31,45,39.6,23.3,,6.00M,Papaz.,,,6.00Papaz.
Papaz.,1912,2,13,8,3,53,40.9,20.6,,6.10M,Papaz.,,,6.10Papaz.
Papaz.,1913,9,30,7,33,39,35,24,60,6.10M,Papaz.,,,6.10Papaz.
Papaz.,1914,10,17,6,22,32,38.31,23.34,,6.00M,Papaz.,,,6.00Papaz.
Papaz.,1914,11,27,14,39,46,38.72,20.62,,6.30M,Papaz.,,,6.30Papaz.
Papaz.,1915,1,27,1,9,56,38.36,20.6,,6.60M,Papaz.,,,6.60Papaz.
Papaz.,1915,8,7,15,4,3,38.5,20.62,,6.70M,Papaz.,,,6.70Papaz.
Papaz.,1917,5,23,5,46,27,39,20.5,,6.10M,Papaz.,,,6.10Papaz.
Papaz.,1917,12,24,9,13,55,38.4,21.7,,6.00M,Papaz.,,,6.00Papaz.
Papaz.,1919,10,25,17,10,0,36.5,25.3,,6.10M,Papaz.,,,6.10Papaz.
Papaz.,1919,11,18,21,54,50,39.2,27.4,,7.00M,Papaz.,,,7.00Papaz.
Papaz.,1919,12,22,23,41,6,40.1,20.7,,6.30M,Papaz.,,,6.30Papaz.
Papaz.,1920,11,15,9,20,43,36,25.7,120,6.00M,Papaz.,,,6.00Papaz.
Papaz.,1920,11,26,8,51,0,40.3,20,,6.30M,Papaz.,,,6.30Papaz.
Papaz.,1921,9,13,8,59,53,38.9,21.18,,6.00M,Papaz.,,,6.00Papaz.
Papaz.,1922,12,7,16,22,10,41.71,20.76,,6.10M,Papaz.,,,6.10Papaz.
Papaz.,1923,12,5,20,56,35,40,23.4,,6.40M,Papaz.,,,6.40Papaz.
Papaz.,1926,3,1,20,2,0,37,29.4,,6.20M,Papaz.,,,6.20Papaz.
Papaz.,1926,12,17,11,39,55,41.3,19.5,,6.10M,Papaz.,,,6.10Papaz.
Papaz.,1928,4,18,19,22,48,42.1,25,,7.00M,Papaz.,,,7.00Papaz.
Papaz.,1928,4,22,20,13,46,37.94,22.98,,6.30M,Papaz.,,,6.30Papaz.
Papaz.,1930,2,23,18,19,12,39.6,23.1,,6.00M,Papaz.,,,6.00Papaz.
Papaz.,1930,3,31,12,33,48,39.47,23.03,,6.10M,Papaz.,,,6.10Papaz.
Papaz.,1930,4,17,20,6,39,37.78,22.99,,6.00M,Papaz.,,,6.00Papaz.
Papaz.,1930,11,21,2,0,25,40.21,19.62,,6.30M,Papaz.,,,6.30Papaz.
Papaz.,1931,3,8,1,50,28,41.28,22.49,,6.70M,Papaz.,,,6.70Papaz.
Papaz.,1939,9,20,0,19,26,38,21,,6.30M,Papaz.,,,6.30Papaz.
Papaz.,1940,2,29,16,7,44,35.7,25.9,,6.00M,Papaz.,,,6.00Papaz.
Papaz.,1941,3,1,3,52,47,39.67,22.54,,6.30M,Papaz.,,,6.30Papaz.
Papaz.,1942,11,15,17,1,15,39.4,28.1,,6.20M,Papaz.,,,6.20Papaz.
Papaz.,1944,6,25,4,16,19,39.05,29.26,,6.10M,Papaz.,,,6.10Papaz.
Papaz.,1944,7,30,4,0,35,36.7,22.4,,6.00M,Papaz.,,,6.00Papaz.
Papaz.,1945,9,2,11,54,5,34.4,28.9,80,6.40M,Papaz.,,,6.40Papaz.
Papaz.,1947,10,6,19,55,34,36.96,21.68,,7.00M,Papaz.,,,7.00Papaz.
Papaz.,1953,8,12,9,23,52,38.1,20.6,,7.20M,Papaz.,,,7.20Papaz.
Papaz.,1953,10,21,18,39,52,38.6,20.96,,6.30M,Papaz.,,,6.30Papaz.
Papaz.,1954,4,30,13,2,36,39.28,22.29,,7.00M,Papaz.,,,7.00Papaz.
Papaz.,1957,3,8,12,21,13,39.38,22.63,,6.80M,Papaz.,,,6.80Papaz.
Papaz.,1957,4,25,2,25,42,36.5,28.6,,7.20M,Papaz.,,,7.20Papaz.
Papaz.,1958,6,30,8,42,44,36.4,27.3,110,6.00M,Papaz.,,,6.00Papaz.
Papaz.,1958,8,27,15,16,34,37.4,21,,6.40M,Papaz.,,,6.40Papaz.
Papaz.,1959,5,14,6,36,56,35,24.72,,6.30M,Papaz.,,,6.30Papaz.
Papaz.,1959,9,1,11,37,40,40.81,19.8,,6.40M,Papaz.,,,6.40Papaz.
Papaz.,1959,11,15,17,8,43,37.78,20.53,,6.80M,Papaz.,,,6.80Papaz.
Papaz.,1960,5,26,5,10,11,40.63,20.65,,6.50M,Papaz.,,,6.50Papaz.
Papaz.,1962,4,10,21,37,7,37.8,20.1,,6.30M,Papaz.,,,6.30Papaz.
Papaz.,1962,7,6,9,16,16,37.81,20.2,,6.10M,Papaz.,,,6.10Papaz.
PDE,1953,7,9,21,23,48,30,42.5,,6.63UK,PAS,,,6.60PAS
PDE,1953,9,10,4,5,58,35,32.5,,6.50UK,PAS,,,6.50PAS
PDE,1954,11,7,22,52,47,40,40,,5.50UK,UPP,,,5.50UPP
PDE,1955,12,17,8,6,42,33.5,49,,5.75UK,KIR,,,5.70KIR
PDE,1956,4,12,22,34,44,37,50,,5.50UK,MOS,,,5.50MOS
PDE,1956,11,2,16,4,30,39,23,,5.75UK,ATH,,,5.70ATH
PDE,1956,12,18,17,53,0,30.5,35.5,,6.00UK,PAS,,,6.00PAS
PDE,1958,10,26,12,40,30,37.5,44.5,,5.60UK,QUE,,,5.60QUE
PDE,1959,10,5,20,34,4,41,20,,5.50UK,UPP,,,5.50UPP
PDE,1960,2,21,9,29,15,38,42,,5.50UK,MOS,,,5.50MOS
PDE,1961,7,19,23,0,56.7,37.9,20.2,37,5.50UK,UPP,,,5.50UPP
PDE,1961,10,2,7,21,44.7,36.7,21.9,33,5.88ML,ATH,,,5.90ATH
ROM,1901,3,31,7,10,24,43.4,28.7,14,7.20Ms,ROM,,,7.20ROM
ROM,1901,7,30,3,30,0,43.4,28.7,15,6.00Ms,ROM,,,6.00ROM
SSR,1139,,,,,,40.3,46.3,15,6.80MI,IPE,,,6.80IPE
SSR,1235,,,,,,40.6,46.2,11,5.70MI,IPE,,,5.70IPE
SSR,1250,,,,,,41.6,47.2,15,5.70MI,IPE,,,5.70IPE
SSR,1275,4,14,,,,41.8,44.6,28,6.70MI,IPE,,,6.70IPE
SSR,1283,,,,,,41.7,43.2,14,6.30MI,IPE,,,6.30IPE
SSR,1308,,,,,,39.4,46.2,15,6.10MI,IPE,,,6.10IPE
SSR,1318,,,,,,41.8,44.6,11,5.50MI,IPE,,,5.50IPE
SSR,1350,,,,,,43,43,20,6.50MI,IPE,,,6.50IPE
SSR,1530,,,,,,42,45.4,15,5.70MI,IPE,,,5.70IPE
SSR,1640,2,27,,,,38.2,46.3,15,6.10MI,IPE,,,6.10IPE
SSR,1652,6,8,20,,,42.1,47.7,11,5.80MI,IPE,,,5.80IPE
SSR,1667,12,,,,,40.6,48.6,12,6.90MI,IPE,,,6.90IPE
SSR,1669,1,14,,,,40.6,48.6,10,6.00MI,IPE,,,6.00IPE
SSR,1679,6,4,4,0,,40.1,44.7,15,5.90MI,IPE,,,5.90IPE
SSR,1721,4,26,,,,38.1,46.3,15,6.50MI,IPE,,,6.50IPE
SSR,1742,7,24,,,,42.1,45.2,14,6.00MI,IPE,,,6.00IPE
SSR,1780,1,17,22,15,,38.2,46.2,21,6.70MI,IPE,,,6.70IPE
SSR,1785,2,23,23,,,43.1,46.3,17,5.50MI,IPE,,,5.50IPE
SSR,1828,8,9,16,0,,40.7,48.4,10,5.70MI,IPE,,,5.70IPE
SSR,1830,3,9,11,22,,43,47,16,6.30MI,IPE,,,6.30IPE
SSR,1840,7,2,16,0,,39.7,44.4,18,6.70MI,IPE,,,6.70IPE
SSR,1841,5,17,19,0,,39.4,45,15,5.70MI,IPE,,,5.70IPE
SSR,1859,6,11,13,0,,40.7,48.5,10,5.90MI,IPE,,,5.90IPE
SSR,1861,2,28,,,,39.4,47.8,35,5.60MI,IPE,,,5.60IPE
SSR,1861,5,24,13,0,,39.4,47.5,32,6.20MI,IPE,,,6.20IPE
SSR,1862,12,19,2,30,,39.7,47.9,25,5.90MI,IPE,,,5.90IPE
SSR,1863,12,30,19,0,,38.5,48,10,5.80MI,IPE,,,5.80IPE
SSR,1867,7,23,12,,,40.6,46.3,15,5.80MI,IPE,,,5.80IPE
SSR,1868,3,18,18,30,,40,46.8,35,6.30MI,IPE,,,6.30IPE
SSR,1868,4,11,3,30,,40,41.7,15,5.70MI,IPE,,,5.70IPE
SSR,1872,1,28,7,0,,40.6,48.7,7,5.70MI,IPE,,,5.70IPE
SSR,1878,5,4,,,,41.6,48.1,21,5.70MI,IPE,,,5.70IPE
SSR,1879,3,22,1,0,,39.2,47.6,11,6.50MI,IPE,,,6.50IPE
SSR,1886,10,16,8,35,,43.5,45.9,30,5.80MI,IPE,,,5.80IPE
SSR,1889,6,26,12,45,,42.5,48,42,5.90MI,IPE,,,5.90IPE
SSR,1902,2,13,9,39,30,40.7,48.6,15,6.90mB,IPE,,,6.80IPE
SSR,1902,2,21,6,21,1,41.8,48.8,36,5.60mB,IPE,,,5.60IPE
SSR,1903,7,5,21,54,,41.8,48.7,40,5.50mB,IPE,,,5.50IPE
SSR,1906,2,20,20,54,0,41.5,48.4,75,5.90MD,IPE,,,5.90IPE
SSR,1909,10,30,17,36,39,42.4,48,40,5.80mB,IPE,,,5.80IPE
SSR,1912,8,10,1,17,36,43.5,45.1,50,5.70MI,IPE,,,5.70IPE
SSR,1912,10,12,19,48,57,41.4,43.7,28,5.60mB,IPE,,,5.60IPE
SSR,1913,1,27,19,38,32,39.3,43,15,5.60mB,IPE,,,5.60IPE
SSR,1913,3,25,14,3,56,41.8,48.3,70,5.70mB,IPE,,,5.70IPE
SSR,1921,6,29,11,37,55,43.9,42.8,22,5.60mB,IPE,,,5.60IPE
SSR,1924,2,19,7,0,2,39.4,48.6,75,6.60mB,IPE,,,6.50IPE
SSR,1934,10,29,16,15,45,39.9,47.8,30,5.70mB,IPE,,,5.70IPE
SSR,1940,10,18,12,25,41,39.6,42.2,15,5.60mB,IPE,,,5.60IPE
SSR,1947,8,15,4,11,3,42.5,45,25,5.50mB,IPE,,,5.50IPE
SSR,1958,5,6,4,15,45,43.14,47.77,5,5.50mB,IPE,,,5.50IPE
GREEK,1947,4,12,14,5,9,39.7,25.2,,5.70Ms,GREEK,,,5.70GREEK
